ad_name_id,ad_name
1,富士康工業網際網路
2,分眾傳媒控股有限公司
3,中國_國泰產險公司
4,聚眾傳媒
5,中華全球洪門聯盟
6,日本中國和平統一促進會
7,富智康集團有限公司
8,人民日報_海外版
9,人民日報_社
10,中國西藏
11,中國宗教_雜誌
12,中國法學
13,中國統一戰線_雜誌社
14,中國發展觀察_雜誌社
15,中國評論月刊
16,台聲
17,光明日報_社
18,求是_雜誌社
19,兩岸視點_雜誌社
20,兩岸關係_雜誌
21,教育與職業_雜誌社
22,統一論壇_雜誌
23,華聲報
24,新世紀圖書館
25,經濟日報_社
26,遠望雜誌社
27,觀察_雜誌社
28,三_二九_起義指揮部舊址
29,大部分為中國政府所屬其他機構
30,兩岸青年_微信公眾號
31,101汽車文化廣場
32,101兩岸創客MOHO
33,2012臺灣基督教教牧參訪團
34,財團法人二十一世紀基金會
35,21世紀經濟報導
36,50嵐
37,AHQ電子競技俱樂部
38,API_HONG_KONG_INVESTMENT_LIMITED
39,ASCEND_GROUP
40,A輪學堂
41,CAA中國
42,CHANNEL_V
43,EEW_GMBH
44,PT_ELANG_MAHKOTA_TEKNOLOGI_TBK
45,ESRONE
46,HTC宏達電
47,IMAX中國
48,KAKAOPAY
49,LIFE生活網
50,龍華科技大學
51,PAYTM
52,TVBS
53,WINWIN_OVERSEAS_GROUP_LIMITED
54,一定旺股份有限公司
55,一路平安發大財股份有限公司
56,一點資訊
57,丁予康
58,丁仲禮
59,丁守中
60,丁雯洲
61,丁肇寵
62,丁廣鋐
63,丁薛祥
64,丁鯤華
65,九三學社
66,九三學社_曾憲章
67,九三學社中央委員會
68,九三學社廈門市委員會
69,九三學社廈門市委員會_曾憲章
70,九州文化傳播中心
71,九州出版社有限公司
72,九洲音像出版公司
73,九江台協
74,中國人力資源和社會保障部
75,中國人力資源和社會保障部專業技術人員管理司
76,人民公正黨
77,人民日報
2534,河南省人民政府
78,臺灣人民共產黨
79,人民政協報
80,人民政協報兩岸經合周刊
81,人民最大黨
82,人民網
83,人旺股份有限公司
84,八方雲集國際股份有限公司
85,八百壯士捍衛中華協會
86,力秋股份有限公司
87,力特國際股份有限公司
88,力訊國際投資有限公司
89,力晶積成電子製造股份有限公司
90,力距無限股份有限公司
91,力雄股份有限公司
92,力翰文教管理顧問股份有限公司
93,力翰科學教育集團
94,力衡貿易股份有限公司
95,社團法人中華民國三一寰宇文化協會
96,三立電視股份有限公司
97,三亞台協
98,中共三明市委台港澳工作辦公室
99,三明台協
100,三明市人民政府
101,中共三明市委員會
102,中共三明市委員會宣傳部
103,中共三明市委員會統一戰線工作部
104,三明市清流縣人民政府
105,三明學院
106,三峽大學
107,三能器具_無錫_有限公司
109,三捷科技股份有限公司
110,三創數位股份有限公司
111,三鼎生物科技股份有限公司
112,三福煤氣行
113,上海人民廣播電台
114,上海大眾公用事業_集團_股份有限公司
115,上海大眾集團資本股權投資有限公司
116,上海中山文化交流協會
117,上海中以智教股權投資基金管理有限公司
118,上海中醫藥大學
119,上海元祖食品有限公司
120,上海世達食品有限公司
121,上海台協
122,上海台協文創工作委員會
123,上海市台灣同胞聯誼會
124,上海台灣研究所
125,上海市人力資源和社會保障局
126,上海市人民政府
127,上海市人民政府台灣事務辦公室
128,上海市人民政府合作交流辦公室
129,上海市工商業聯合會
130,上海市公共關係研究院
131,上海市文化和旅遊局
132,上海市文化創意產業促進會
133,上海市台協永續農業工作委員會
134,上海市人民政府台灣事務辦公室協調處
135,上海市台灣研究會
136,中共上海市委員會
137,上海市事業單位登記管理局
138,中共上海市委台灣工作辦公室
139,中共上海市委員會宣傳部
140,中共上海市委員會組織部
141,上海市果品有限公司
142,上海市社會科學界聯合會
143,上海市長寧區人民法院
144,上海市律師協會
145,上海市律師協會基金專業委員會
146,上海市政府司法局
147,上海市科技創業中心
148,上海市科學技術委員會
149,上海市徐匯區文創辦
150,上海市書法家協會
151,上海市浙江商會
152,上海市海峽兩岸交流促進會
153,上海市高級人民法院
154,上海市國有資產監督管理委員會
155,上海市教育委員會
156,上海市第一中級人民法院
157,上海市黃埔軍校同學會
158,上海市同胞聯誼會
159,上海台灣同胞聯誼會
160,中共上海市委機構編制委員會辦公室
161,上海市靜安區人民政府台灣事務辦公室
162,上海交通大學
163,上海交通大學國家大學科技園
164,上海交通大學創業學院
165,上海交通大學港澳台辦公室
166,上海兆芯集成電路股份有限公司
167,東方有線網路有限公司
168,上海依圖網絡科技有限公司
169,上海東方報業有限公司
170,上海東方惠金文化產業投資有限公司
171,上海東方傳媒集團有限公司
172,上海東方電視台
173,上海東方廣播電台
174,東方衛視
175,上海社會科學院台灣研究中心
176,上海社會科學院
177,上海金卓科技有限公司
178,上海冠龍閥門機械有限公司
179,上海春秋發展戰略研究院
180,上海科威國際技術轉移中心有限公司
181,上海音樂學院
182,上海根萊食品有限公司
183,上海浦東發展銀行股份有限公司
184,上海浪鴿文化傳媒有限公司
185,上海海外聯誼會
186,上海海和生物製藥有限公司
187,上海海洋大學水産與生命學院
188,上海海峽兩岸法學研究中心
189,上海神羽文化傳媒有限公司
190,上海動漫公共技術服務平台營運管理有限公司
191,上海國家大學科技園聯盟
192,上海國際問題研究院
193,上海國際港務_集團_股份有限公司
194,上海國際集團有限公司
195,上海得已文化傳播有限公司
196,上海麥可將文創園區
197,上海報業集團
198,上海復旦大學外國語言文學學院
199,上海復客科技集團有限公司
200,復星國際有限公司
201,復星醫藥
202,上海翔茂企業有限公司
203,上海遊族文化傳媒有限公司
204,上海電視台
205,上海漾漾文化傳播有限公司
206,上海廣播電視台
207,上海靜安區新媒體聯盟
208,上海瀚薪科技有限公司
209,上海證券交易所
210,上游新聞
211,上實業股份有限公司
212,上樓村
213,上憶設計工程有限公司
214,上饒台協
215,上饒市人民政府
216,上饒市廣豐區小木瓜投資管理中心
217,上饒市廣豐區溯游投資管理中心
218,下一代互聯網國家工程中心
219,下一代幸福聯盟
220,也是行銷有限公司
221,士林靈糧堂
222,大公報
223,大公網
224,財團法人臺中市大甲鎮瀾宮
225,大地創意商業_香港_有限公司
226,大地傳播_香港_有限公司
227,大波士頓地區中國和平統一促進會
228,大芝加哥地區中國和平統一促進會
229,大洛杉磯地區中國統一促進會
230,美國紐約中國知青聯誼會
231,大草嶺育樂股份有限公司
232,大高雄觀光商圈總會
233,大理賓川寬懇農副産品有限公司
234,大連台協
235,大連理工大學
236,大陳島海峽兩岸交流基地
237,大陳鎮鄉賢聯誼會
238,中華民國大陸委員會
239,大陸商杭州華瀾微電子股份有限公司
240,大陸台灣執業醫師聯盟
241,大華技術股份有限公司
242,大華網路報
243,大華證券股份有限公司
244,大費城中國和平統一促進會
245,大費城華人維權會
246,大量科技股份有限公司
247,大愛感恩環保科技有限公司
248,大葉大學設計暨藝術學院
249,大熙有限公司
250,大鳳凰城地區中國和平統一促進會
251,大豐有線電視股份有限公司
252,大寶桑廣播電台股份有限公司
253,中華全國工商業聯合會女企業家商會
254,小米集團
255,小豹國際有限公司
256,中共山西省委台灣工作辦公室
257,山西省炎帝文化研究會
258,中國人民政治協商會議山西省委員會
259,山西省人民政府
260,山西省人民政府台灣事務辦公室
261,山東大學
262,山東省台灣同胞聯誼會
263,山東省人民代表大會
264,山東省人民代表大會常務委員會
265,山東省人民政府
266,山東省人民政府台港澳事務辦公室
276,山東台灣同胞聯誼會
267,山東省民政廳
268,中共山東省委台港澳工作辦公室
269,中共山東省委員會
270,中共山東省委員會統一戰線工作部
271,山東省財政廳
272,山東省海峽兩岸經濟文化發展促進會
273,山東省財金投資集團有限公司
274,山東省媽祖文化交流協會
275,山東省農業農村廳
277,山東省濟南市國家安全局
278,山東航空股份有限公司
279,山東航空集團有限公司
280,山東國際文化交流中心
281,山東富笙科電子科技有限公司
282,山東壽光天成集團食品有限公司
283,山東綠地泉控股集團
284,川圃投資控股股份有限公司
285,工商時報
286,工商財經數位股份有限公司
287,工業技術研究院
288,工業技術研究院知識經濟與競爭力研究中心
289,中國工業和信息化部
290,中山大學
291,中山大學國際關係學院
292,中山大學教育發展基金會
293,中山台協
294,中山市人民政府
295,中共中山市委員會
296,中共中山市委員會宣傳部
297,中山市社會科學界聯合會
298,中山市海峽兩岸交流促進會
299,中山紀念堂
300,中山職業技術學院
301,中中央紀律檢查委員會國家監察委員會第十監督檢查室
302,中天_上海_生物科技有限公司
303,中天生技集團
304,中天生物科技股份有限公司
305,中天健康事業股份有限公司
306,中天新聞台
307,中天電視股份有限公司
308,中央人才工作協調小組
309,中國重工業部_中央人民政府重工業部
310,中央人民政府駐香港特別行政區維護國家安全公署
311,中共中央香港工作委員會_中央人民政府駐香港特別行政區聯絡辦公室
312,中共中央澳門工作委員會_中央人民政府駐澳門特別行政區聯絡辦公室
313,中央人民政府駐澳門特別行政區聯絡辦公室台灣事務部
314,中央人民廣播電台
315,中央反腐敗工作協調小組
316,中央文化體制改革工作領導小組辦公室
317,中央文化體制改革和發展工作領導小組
318,中央外事工作委員會
319,中央外事工作委員會辦公室
320,中央全面依法治國委員會
321,中央全面依法治國委員會辦公室
322,中央全面深化改革委員會
323,中央全面深化改革委員會辦公室
324,中央西藏工作協調小組
325,中央西藏工作協調小組辦公室
326,中央巡視工作領導小組
327,中央巡視工作領導小組辦公室
328,中央委員會_政治局_常委會_習近平
329,中央社會主義學院
330,中央空中交通管理委員會
331,中央空中交通管理委員會辦公室
332,中央金融委員會辦公室
333,中央保健委員會
334,中央保密委員會
335,中央保密委員會辦公室_國家保密局
336,中央宣傳思想工作領導小組
337,中央政治局
338,中共中央政策研究室
339,中央科技委員會
340,中央紀律檢查委員會國家監察委員會中央和國家機關紀檢監察工作委員會
341,中央紀律檢查委員會國家監察委員會法規室
342,中央紀律檢查委員會國家監察委員會信訪室
343,中央紀律檢查委員會國家監察委員會宣傳部
344,中央紀律檢查委員會國家監察委員會研究室
345,中央紀律檢查委員會國家監察委員會紀檢監察幹部監督室
346,中央紀律檢查委員會國家監察委員會案件監督管理室
347,中央紀律檢查委員會國家監察委員會案件審理室
348,中央紀律檢查委員會國家監察委員會國際合作局
349,中央紀律檢查委員會國家監察委員會第一監督檢查室
350,中央紀律檢查委員會國家監察委員會第七監督檢查室
351,中央紀律檢查委員會國家監察委員會第九監督檢查室
352,中央紀律檢查委員會國家監察委員會第二監督檢查室
353,中央紀律檢查委員會國家監察委員會第八監督檢查室
354,中央紀律檢查委員會國家監察委員會第十一監督檢查室
355,中央紀律檢查委員會國家監察委員會第十二審查調查室
356,中央紀律檢查委員會國家監察委員會第十三審查調查室
357,中央紀律檢查委員會國家監察委員會第十五審查調查室
358,中央紀律檢查委員會國家監察委員會第十六審查調查室
359,中央紀律檢查委員會國家監察委員會第十四審查調查室
360,中央紀律檢查委員會國家監察委員會第三監督檢查室
361,中央紀律檢查委員會國家監察委員會第五監督檢查室
362,中央紀律檢查委員會國家監察委員會第六監督檢查室
363,中央紀律檢查委員會國家監察委員會第四監督檢查室
364,中央紀律檢查委員會國家監察委員會組織部
365,中央紀律檢查委員會國家監察委員會駐人力資源和社會保障部紀檢監察組
366,中央紀律檢查委員會國家監察委員會駐人民日報社紀檢監察組
367,中央紀律檢查委員會國家監察委員會駐工業和信息化部紀檢監察組
368,中央紀律檢查委員會國家監察委員會駐中央外事工作委員會辦公室紀檢監察組
369,中央紀律檢查委員會國家監察委員會駐中央宣傳部紀檢監察組
370,中央紀律檢查委員會國家監察委員會駐中央組織部紀檢監察組
371,中央紀律檢查委員會國家監察委員會駐中央統一戰線工作部紀檢監察組
372,中央紀律檢查委員會國家監察委員會駐中央辦公廳紀檢監察組
373,中央紀律檢查委員會國家監察委員會駐中國人民銀行紀檢監察組
374,中央紀律檢查委員會國家監察委員會駐中國社會科學院紀檢監察組
375,中央紀律檢查委員會國家監察委員會駐中國科學院紀檢監察組
376,中央紀律檢查委員會國家監察委員會駐中國銀行保險監督管理委員會紀檢監察組
377,中央紀律檢查委員會國家監察委員會駐中國證券監督管理委員會紀檢監察組
378,中央紀律檢查委員會國家監察委員會駐中華全國總工會機關紀檢監察組
379,中央紀律檢查委員會國家監察委員會駐公安部紀檢監察組
380,中央紀律檢查委員會國家監察委員會駐文化和旅遊部紀檢監察組
381,中央紀律檢查委員會國家監察委員會駐水利部紀檢監察組
382,中央紀律檢查委員會國家監察委員會駐司法部紀檢監察組
383,中央紀律檢查委員會國家監察委員會駐外交部紀檢監察組
384,中央紀律檢查委員會國家監察委員會駐民政部紀檢監察組
385,中央紀律檢查委員會國家監察委員會駐生態環境部紀檢監察組
386,中央紀律檢查委員會國家監察委員會駐交通運輸部紀檢監察組
387,中央紀律檢查委員會國家監察委員會駐全國人大機關紀檢監察組
388,中央紀律檢查委員會國家監察委員會駐全國政協機關紀檢監察組
389,中央紀律檢查委員會國家監察委員會駐自然資源部紀檢監察組
390,中央紀律檢查委員會國家監察委員會駐住房和城鄉建設部紀檢監察組
391,中央紀律檢查委員會國家監察委員會駐科學技術部紀檢監察組
392,中央紀律檢查委員會國家監察委員會駐海關總署紀檢監察組
393,中央紀律檢查委員會國家監察委員會駐財政部紀檢監察組
394,中央紀律檢查委員會國家監察委員會駐退役軍人事務部紀檢監察組
395,中央紀律檢查委員會國家監察委員會駐商務部紀檢監察組
396,中央紀律檢查委員會國家監察委員會駐國家市場監督管理總局紀檢監察組
397,中央紀律檢查委員會國家監察委員會駐國家安全部紀檢監察組
398,中央紀律檢查委員會國家監察委員會駐國家發展和改革委員會紀檢監察組
399,中央紀律檢查委員會國家監察委員會駐國家稅務總局紀檢監察組
400,中央紀律檢查委員會國家監察委員會駐國家電網公司紀檢監察組
401,中央紀律檢查委員會國家監察委員會駐國家衛生健康委員會紀檢監察組
402,中央紀律檢查委員會國家監察委員會駐國家體育總局紀檢監察組
403,中央紀律檢查委員會國家監察委員會駐國務院國有資產監督管理委員會紀檢監察組
404,中央紀律檢查委員會國家監察委員會駐國務院辦公廳紀檢監察組
405,中央紀律檢查委員會國家監察委員會駐教育部紀檢監察組
406,中央紀律檢查委員會國家監察委員會駐最高人民法院紀檢監察組
407,中央紀律檢查委員會國家監察委員會駐最高人民檢察院紀檢監察組
408,中央紀律檢查委員會國家監察委員會駐農業農村部紀檢監察組
409,中央紀律檢查委員會國家監察委員會駐審計署紀檢監察組
410,中央紀律檢查委員會國家監察委員會駐應急管理部紀檢監察組
411,中央紀律檢查委員會國家監察委員會機關事務管理局
412,中央紀律檢查委員會國家監察委員會辦公廳
413,中央紀律檢查委員會國家監察委員會離退休幹部局
414,中央紀律檢查委員會國家監察委員會黨風政風監督室
415,中央軍民融合發展委員會
416,中央軍民融合發展委員會辦公室
417,中共中央軍事委員會
418,中共中央軍事委員會後勤保障部
419,中共中央軍事委員會政治工作部
420,中共中央軍事委員會政法委員會
421,中共中央軍事委員會科學技術委員會
422,中共中央軍事委員會紀律檢查委員會
423,中共中央軍事委員會訓練管理部
424,中共中央軍事委員會國防動員部
425,中共中央軍事委員會裝備發展部
426,中共中央軍事委員會辦公廳
427,中共中央軍事委員會聯合參謀部
428,中華民國中央軍事院校校友總會
429,中共中央軍事委員會主席
430,中共中央軍事委員會政治工作部聯絡局
431,中央軍事委員會聯合作戰指揮中心
432,中共中央軍事委員會聯合參謀部情報局
433,中央軍事委員會聯勤保障部隊
434,中央修改國家憲法工作領導小組_非常設
435,中央財經委員會
436,中央財經委員會辦公室
437,中央國家安全委員會
438,中央國家安全委員會辦公室
439,中央國債登記結算有限責任公司
440,中央密碼工作領導小組辦公室_國家密碼管理局
441,中央教育工作領導小組
442,中央教育工作領導小組秘書組
443,中央統戰部宗教研究中心
444,中央通訊社
445,中國中央部門_單位_直屬高等學校
446,中央創先爭優活動領導小組
447,中央匯金投資有限責任公司
448,中央新疆工作協調小組
449,中央新疆工作協調小組辦公室
450,中央農村工作領導小組
451,中國中央電視台
452,海峽兩岸
453,中央精神文明建設指導委員會
454,中央精神文明建設指導委員會辦公室
455,中央網絡安全和信息化委員會_國家互聯網信息辦公室
456,中央網絡安全和信息化委員會辦公室_國家互聯網信息辦公室
457,中央審計委員會
458,中央廣播電視總台
459,中央機構編制委員會
460,中央機構編制委員會辦公室
461,中央檔案館_國家檔案局
462,中央黨的建設工作領導小組
463,中央黨的建設工作領導小組辦公室
464,中央黨務公開工作領導小組
465,中央黨務公開工作領導小組辦公室
466,中民國投_北京_投資控股有限公司
467,中企動力科技股份有限公司
468,中企華資產評估有限公司
469,中共山西省委員會
470,中共中央台灣工作辦公室_國務院台灣事務辦公室
471,中共中央委員會中央和國家機關工作委員會
472,中共中央委員會辦公廳
473,中共中央委員會黨史和文獻研究院
474,中共中央直屬機關事務管理局
475,中共中央社會工作部
476,中共中央金融工作委員會
477,中共中央委員會宣傳部
478,國家電影局
479,中共中央委員會政法委員會
480,中共中央委員會政策研究室
481,中共中央紀律檢查委員會
482,中共中央書記處
483,中共中央委員會組織部
484,中共中央委員會組織部人才工作局
485,中共中央統一戰線工作部
486,中共中央港澳工作辦公室
487,中共中央對外聯絡部
488,中共中央對外聯絡部研究室
489,中共中央編譯局
490,中共中央辦公廳調研室
491,中共中央委員會總書記辦公室
492,中共中央黨校_國家行政學院
493,中共天津市委員會
494,中共天津省委員會統一戰線工作部
495,中共日照市委員會
496,中共日照市委員會統一戰線工作部
497,中共北京市委員會
498,中共北京市委員會宣傳部
499,中共北京市委員會統一戰線工作部
500,中共台州市委員會
501,中共四川省委員會
502,中共四川省委員會宣傳部
503,中共四川省委員會統一戰線工作部
504,中共甘肅省委員會統一戰線工作部
505,中共安徽省委員會
506,中共安徽省委員會統一戰線工作部
507,中共汕頭市委員會
508,中共江西省委員會
509,中共江蘇省委員會
510,中共江蘇省委員會統一戰線工作部
511,中共西藏自治區委員會
512,中共昆山市委員會
513,中共昆山市委台灣工作辦公室
514,中共杭州市委員會
515,中共武漢市委員會
516,中共長泰縣委政法委員會
517,中共長泰縣委員會統一戰線工作部
518,中共阜新市委員會統一戰線工作部
519,中共南充市委員會
520,中共南京市江寧區委員會統一戰線工作
521,中共南京市委員會
522,中共南京省委員會統一戰線工作部
523,中共洪雅縣委員會
524,中共洪雅縣委員會統一戰線工作部
525,中共眉山市委員會
526,中共重慶市委員會
527,中共重慶市委員會統一戰線工作部
528,中共重慶市長壽區委員會
529,中共重慶市渝中區委員會
530,中共泰安市委員會
531,中共浙江省委員會
532,中共浙江省委員會統一戰線工作部
533,中共珠海市委台港澳工作辦公室
534,中共珠海市委員會
535,中共珠海市委員會統一戰線工作部
536,中共陝西省委員會
537,中共常德市委員會
538,中共常德市委員會統一戰線工作部
539,中共常德市鼎城區委員會
540,中共淮安市委員會
541,中共深圳市委員會
542,中共深圳市委員會宣傳部
543,中國共產黨第一次全國代表大會會址
544,中共湖北省委員會
545,中共湖北省委員會統一戰線工作部
546,中共湖南省委員會
547,中共湖南省委員會統一戰線工作部
548,中共雲南省委員會
549,中共雲南省委員會統一戰線工作部
550,中共廈門市委員會
551,中國農業農村部政策與改革司
552,中共彰武縣委員會統一戰線工作部
553,中共福建省委員會
554,中共福建省委員會宣傳部
555,中共福建省委員會宣傳部外宣辦公室
556,中共福建省委員會統一戰線工作部
557,中共福建省委機構編制委員會辦公室
558,中共綿陽市委員會
559,中共台州市委員會統一戰線工作部
560,中共廣州市委員會
561,中共廣州市委員會統一戰線工作部
562,中共廣西壯族自治區委員會
563,中共廣西壯族自治區委員會統一戰線工作部
564,中共廣東省委員會
565,中共廣東省委員會宣傳部
566,中共閬中市委員會
567,中共靜安區委員會統一戰線工作部
568,中共麗水市委員會
569,中共麗水市委員會統一戰線工作部
570,中共蘇州市委員會
571,中共鹽城市委員會
572,中欣室內裝修設計股份有限公司
573,中欣實業股份有限公司
574,中國社會工作聯合會婚慶婚戀服務業委員會
575,中青網新媒體科技_北京_有限公司
576,中南大學
577,中南美洲中國和平統一促進會
578,中城鄉_泉州_水務投資有限公司
579,中盈顧問股份有限公司
580,中美商貿聯合促進會
581,中美論壇社
582,中原資產管理有限公司
583,中時電子報
584,中健投資股份有限公司
585,中國一重集團有限公司
586,中國人工智能產業發展聯盟
587,中國人民大學
588,中國人民大學兩岸關係研究中心
589,中國人民大學國家發展與戰略研究院
590,中國人民大學國際關係學院
591,中國人民大學農業與農村發展學院
592,中國人民外交學會
593,中國人民抗日戰爭紀念館
594,中國人民武裝警察部隊
595,中國人民武裝警察部隊政治工作部
596,中國人民武裝警察部隊參謀部
597,中國人民保險集團股份有限公司
598,中國人民政治協商會議
599,中國人民政治協商會議天津市委員會
600,中國人民政治協商會議北京市委員會
601,中國人民政治協商會議四川省委員會
602,中國人民政治協商會議全國委員會常務委員會
603,中國人民政治協商會議全國委員會辦公廳聯絡局
604,中國人民政治協商會議成都市委員會
605,中國人民政治協商會議江蘇省委員會
606,中國人民政治協商會議昆山市委員會
607,中國人民政治協商會議東莞市委員會
608,中國人民政治協商會議南京市委員會
609,中國人民政治協商會議重慶市委員會
610,中國人民政治協商會議泰安市委員會
611,中國人民政治協商會議浙江省委員會
612,中國人民政治協商會議清遠市委員會
613,中國人民政治協商會議湖北省委員會
614,中國人民政治協商會議雲南省委員會
615,中國人民政治協商會議廈門市委員會
616,中國人民政治協商會議漳州市委員會
617,中國人民政治協商會議福建省委員會
618,中國人民政治協商會議綿陽市委員會
619,中國人民政治協商會議廣州市委員會
620,中國人民政治協商會議廣東省委員會
621,中國人民政治協商會議縉雲市委員會
622,中國人民政治協商會議蘇州市委員會
623,中國人民解放軍
624,中國人民解放軍61398部隊
625,中國人民解放軍中部戰區
626,中國人民解放軍中部戰區空軍
627,中國人民解放軍中部戰區政治工作部
628,中國人民解放軍中部戰區陸軍
629,中國人民解放軍中部戰區聯合參謀部
630,中國人民解放軍火箭軍
631,中國人民解放軍火箭軍政治工作部
632,中國人民解放軍火箭軍紀律檢查委員會
633,中國人民解放軍火箭軍參謀部
634,中國人民解放軍北部戰區
635,中國人民解放軍北部戰區空軍
636,中國人民解放軍北部戰區政治工作部
637,中國人民解放軍北部戰區海軍
638,中國人民解放軍北部戰區陸軍
639,中國人民解放軍北部戰區聯合參謀部
640,中國人民解放軍西部戰區
641,中國人民解放軍西部戰區空軍
642,中國人民解放軍西部戰區政治工作部
643,中國人民解放軍西部戰區陸軍
644,中國人民解放軍西部戰區聯合參謀部
645,中國人民解放軍西藏軍區
646,中國人民解放軍東部戰區
647,中國人民解放軍東部戰區空軍
648,中國人民解放軍東部戰區政治工作部
649,中國人民解放軍東部戰區海軍
650,中國人民解放軍東部戰區陸軍
651,中國人民解放軍東部戰區聯合參謀部
652,中國人民解放軍空軍
653,中國人民解放軍空軍政治工作部
654,中國人民解放軍空軍紀律檢查委員會
655,中國人民解放軍空軍參謀部
656,中國人民解放軍南京軍區
657,中國人民解放軍南部戰區
658,中國人民解放軍南部戰區空軍
659,中國人民解放軍南部戰區政治工作部
660,中國人民解放軍南部戰區海軍
661,中國人民解放軍南部戰區陸軍
662,中國人民解放軍南部戰區聯合參謀部
663,中國人民解放軍軍事法院
664,中國人民解放軍軍事科學院
665,中國人民解放軍軍事檢察院
666,中國人民解放軍海軍
667,中國人民解放軍海軍政治工作部
668,中國人民解放軍海軍紀律檢查委員會
669,中國人民解放軍海軍參謀部
670,中國人民解放軍國防大學
671,中國人民解放軍國防科技大學
672,中國人民解放軍陸軍
673,中國人民解放軍陸軍政治工作部
674,中國人民解放軍陸軍紀律檢查委員會
675,中國人民解放軍陸軍參謀部
676,中國人民解放軍新聞傳播中心
677,中國人民解放軍新疆軍區
678,中國人民解放軍戰略支援部隊
679,中國人民解放軍戰略支援部隊政治工作部
680,中國人民解放軍戰略支援部隊紀律檢查委員會
681,中國人民解放軍戰略支援部隊航天系統部
682,中國人民解放軍戰略支援部隊參謀部
683,中國人民解放軍戰略支援部隊網絡系統部
684,中國人民解放軍總參謀部
685,中國人民對外友好協會
686,中國人民銀行
687,中國人民銀行上海總部
688,中國人壽保險股份有限公司
689,中國大唐集團有限公司
690,中國大陸研究學會
691,中國工商銀行股份有限公司
692,中國工程物理研究院
693,中國工程院
694,中國工業經濟聯合會
695,中國中化控股有限責任公司
696,中國中央電視台國防軍事頻道
697,中國中車集團有限公司
698,中國中信集團有限公司
699,中國中煤能源集團有限公司
700,中國之聲
701,中國互聯網投資基金
702,中國互聯網協會
703,中國五礦集團有限公司
704,中國井岡山幹部學院
705,中國公共外交協會
706,中國公安部
707,中國公安部刑事偵查局
708,中國化學工程集團有限公司
709,中國太平保險集團公司
710,中國少年先鋒隊全國工作委員會
711,中國文化大學
712,中國文化大學社會科學院
713,中國文化大學政治系
714,中國文化和旅遊部
715,中國文化部
716,中國文學藝術界聯合會
717,中國日報
718,中國水利部
719,中華人民共和國主席辦公室
720,中國出口信用保險公司
721,中國出版集團有限公司
722,中國北京大學台灣校友總會
723,中國台灣網_北京海峽文化交流有限公司
724,中國司法部
725,中國外文出版發行事業局
726,中國外交部
727,中國外交部領事司
728,中國外交部駐香港特別行政區特派員公署
729,中國外交部駐澳門特別行政區特派員公署
730,中國民主同盟
731,中國民主同盟中央委員會
732,中國民主促進會
733,中國民主促進會中央委員會
734,中國民主促進會福建省委員會
735,中國民主建國會
736,中國民主建國會中央委員會
737,中國民主同盟_中國民主政團同盟
738,中國民主政團同盟中央科技委員會
739,中國民用航空局
740,中國民政部
741,中國民航信息集團有限公司
742,中國民族衛生協會
743,中國生產力促進中心協會
744,中國生產黨
745,中國生態環境部
746,中國石油化工集團有限公司
747,中國石油化學工業開發股份有限公司
748,中國石油天然氣集團有限公司
749,中國交通建設集團有限公司
750,中國交通運輸部
751,中國企業家協會
752,中國光大集團股份公司
753,光彩事業指導中心
754,中國光彩事業基金會
755,中國共產主義青年團中央委員會
756,中共海南省委員會
757,中國再保險_集團_股份有限公司
758,中國地質調查局
759,中國地震局
760,中國安能建設集團有限公司
761,中國曲藝家協會
762,中國有色礦業集團有限公司
763,中國老齡協會
764,中國自然資源部
765,中國西藏網
766,中國住房和城鄉建設部
767,中國佛教會
768,中國作家協會
769,中國兵器工業集團有限公司
770,中國兵器裝備集團有限公司
771,中國冶金地質總局
772,中國宋慶齡基金會
773,中國投資有限責任公司
774,中國抗日戰爭史學會
775,中國亞非發展交流協會
776,中國和平統一促進會
777,中國和平統一促進會_台灣
778,中國和平統一促進會香港總會有限公司
779,澳門地區中國和平統一促進會
780,中國和平統一促進會學習研究委員會
781,中國宗教學會
782,中國延安幹部學院
783,中國怡居月刊
784,中國東方航空
785,中國東方航空集團有限公司
786,中國東方資產管理股份有限公司
787,中國東方電氣集團有限公司
788,中國東南廣播公司
789,中國林業集團有限公司
790,中國法學會
791,中國法學會法治研究所
792,中國法學會雜誌社
793,中國泛海控股集團
794,中國物流集團有限公司
795,中國社會科學院
796,中國社科院世界宗教研究所
797,中國社會科學院台港澳研究中心
798,中國社會科學院台灣研究所
799,中國社會科學院台灣研究所科研合作處
800,中國社會科學院近代史研究所
801,中國社會科學院近代史研究所台灣研究室
802,中國社會科學院美國研究所
803,中國社會科學院新聞與傳播研究所
804,中國社會科學評價研究院
805,中國長安網
806,中國長江三峽集團有限公司
807,中國長城科技集團股份有限公司
808,中國長城資產管理股份有限公司
809,中國青年企業家協會
810,中國青年創業國際計劃
811,中國青年報
812,中華青年發展聯合會
813,中國保利集團有限公司
814,中國信息通信科技集團有限公司
815,中國信託金融控股股份有限公司
816,中國信託商業銀行股份有限公司
817,中國信達資產管理股份有限公司
818,中國南方航空股份有限公司
819,中國南方航空集團有限公司
820,中國南方電網有限責任公司
821,中國南水北調集團有限公司
822,中國建材集團有限公司
823,中國建設科技有限公司
824,中國建設銀行股份有限公司
825,中國建銀投資有限責任公司
826,中國建築科學研究院有限公司
827,中國建築集團有限公司
828,中國思想政治工作研究會
829,中國政企合作投資基金股份有限公司
830,中國政法大學
831,中國政法大學台灣研究中心
832,中國政法大學台灣校友總會
833,中國科學技術部
834,中國科學技術大學
835,中國科學技術協會
836,中國科學技術館
837,中國科學院
838,中國科學院科技戰略諮詢研究院
839,中國紅十字會
840,中國美院建築藝術學院
841,中國美術學院建築藝術學院
842,中國致公出版社
843,中國致公黨
844,中國致公黨中央委員會
845,中國致公黨中央委員會聯絡部
846,中國致公黨四川省委員會
847,中國致公黨成都市委
848,中國計劃生育協會
849,中國評論通訊社有限公司
850,中國旅美專家教授聯合會
851,中國旅遊研究院
852,中國旅遊集團有限公司_香港中旅_集團_有限公司
853,中國時報文化事業股份有限公司
854,中國時報旅行社股份有限公司
855,中國書法家協會
856,中國書畫院
857,中國核工業集團有限公司
858,中國氣象局
859,中國浦東幹部學院
860,中國海洋石油集團有限公司
861,中國海峽人才市場
862,中國海峽研究院
863,中國海運集團有限公司
864,中國海關總署
865,中國消費者協會
866,中國留日同學會
867,教育部留學服務中心
868,中國疾病預防控制中心
869,中國能源建設集團有限公司
870,中國航天科工集團有限公司
871,中國航天科技集團有限公司
872,中國航空工業集團有限公司
873,中國航空油料集團有限公司
874,中國航空發動機集團有限公司
875,中國航空集團有限公司
876,中國航空器材集團有限公司
877,中國財政部
878,中國退役軍人事務部
879,中國高等教育學會
880,中國高等職業技術教育研究會
881,中國商用飛機有限責任公司
882,中國商務部
883,中國國民黨
884,中國國民黨黨史館
885,中國國民黨中央委員會大陸事務部
886,中國國民黨中央委員會文化傳播委員會
887,中國國民黨中央評議委員會主席團
888,中國國民黨革命委員會
889,中國國民黨革命委員會中央委員會
890,中國國民黨革命委員會重慶市委員會
891,中國國民黨革命委員會福建省委員會
892,中國國民黨組發會婦女部
893,中國國民黨黃復興黨部
894,中國國防部
895,中國國家民族事務委員會
896,中國國家安全部
897,中國國家安全部海南省國安廳處
898,中國國家旅遊局
899,中國國家博物館
900,中國國家發展和改革委員會
901,中國國家監察委員會
902,中國國家標準化管理委員會
903,中國國家衛生健康委員會
904,中國國家衛生健康委員會辦公廳
905,中國國家鐵路集團有限公司
906,中國國務院辦公廳
907,中國國新控股有限責任公司
908,中國國際工程諮詢有限公司
909,中國國際文化傳播中心
910,中國國際文化傳播中心對外聯絡部
911,中國國際技術智力合作有限公司
912,中國國際航空股份公司
913,中國國際問題研究院
914,中國國際貿易促進委員會
915,中國國際廣播電台
916,中國國際戰略學會
917,國藥控股股份有限公司
918,中國基督教三自愛國運動委員會
919,中國基督教兩會
920,中國基督教協會
921,中國常駐聯合國日內瓦辦事處和瑞士其他國際組織代表團
922,中國常駐聯合國代表團
923,中國庶民黨
924,中國教育部
925,中國教育學會
926,中國教育學會特殊教育分會
927,中國現代國際關係研究院
928,中國現代國際關係研究院涉台研究中心
929,中國產學研合作促進會
930,中國移動通信集團有限公司
931,中國第一汽車集團有限公司
932,中國統一聯盟
933,中國船舶集團有限公司
934,中國通用技術_集團_控股有限責任公司
935,中國通信標準化協會
936,中國創新投資
937,中國普天信息產業
938,中國最高人民法院
939,中國最高人民檢察院
940,中國殘疾人聯合會
941,中國發展出版社
942,中國發展雜誌社
943,中國稀土集團有限公司
944,中國華能集團有限公司
945,中國華電集團有限公司
946,華僑大學
947,中國華融資產管理股份有限公司
948,中國華錄集團有限公司
949,中國華藝音像實業有限公司
950,中國華藝廣播公司
951,中國菸草總公司
952,中國評論通訊社
953,中國評論新聞
954,中國評論學術出版社
955,中國進出口銀行
956,中國郵政航空
957,中國郵政集團有限公司
958,中國黃金集團有限公司
959,中國傳媒大學
960,中國傳媒大學新聞傳播學部
961,中國傳媒大學新聞傳播學部影像行動力訓練營
962,中國新聞社
963,中國新聞網
964,中國煤炭地質總局
965,中國煤炭科工集團有限公司
966,中國節能環保集團有限公司
967,財團法人中國經濟企業研究所
968,中國誠通控股集團有限公司
969,中國農工民主黨
970,中國農工民主黨中央委員會
971,中國農業大學
972,中國農業再保險股份有限公司
973,中國農業科學院
974,中國農業發展集團有限公司
975,中國農業發展銀行
976,中國農業農村部
977,中國農業銀行
978,中國農業銀行股份有限公司
979,中國道教協會
980,中國電力建設集團有限公司
981,中國電子工業標準化技術協會
982,中國電子信息產業研究院
983,中國電子信息產業集團有限公司
984,中國電子科技集團有限公司
985,中國電子認證服務產業聯盟
986,中國電信天翼物聯科技有限公司
987,中國電信股份有限公司
988,中國電信集團有限公司
989,中國電氣裝備集團有限公司
990,中國電視事業股份有限公司_中視
991,中國電影股份有限公司
992,中國電器股份有限公司
993,中華全國歸國華僑聯合會
994,暨南大學
995,中國網路社會組織聯合會
996,中國網際網路協會海峽兩岸網際網路交流委員會
997,中國台海關係研究發展協會
998,中國遠洋企業股份有限公司
999,中國遠洋海運集團有限公司
1000,中國遠洋運輸_集團_公司
1001,中國銀行股份有限公司
1002,大陸商中國銀行股份有限公司
1003,中國銀行保險監督管理委員會
1004,中國銀行業協會
1005,中國銀行業協會國際關係部
1006,中國銀行業協會臺資銀行工作委員會
1007,中國銀河金融控股有限責任公司
1008,中國審計署
1009,中國廣核集團有限公司
1010,中國廣播股份有限公司
1011,中國廣播電視網絡有限公司
1012,中國廣播網
1013,中國廣播網軍事頻道
1014,中國數碼信息有限公司
1015,中國衛星網絡集團有限公司
1016,中國鋁業集團有限公司
1017,中國駐大不列顛及北愛爾蘭聯合王國大使館
1018,中國駐巴西聯邦共和國大使館
1019,中國駐日本大使館
1020,中國駐印度共和國大使館
1021,中國駐法蘭西共和國大使館
1022,中國駐法蘭西共和國大使館領事部
1023,中國駐俄羅斯聯邦大使館
1024,中國駐美利堅合眾國大使館
1025,中國駐朝鮮民主主義人民共和國大使館
1026,中國駐瑞士聯邦大使館
1027,中國駐德意志聯邦共和國大使館
1028,中國駐歐盟使團
1029,中國學生學者聯合會
1030,中國機械工業集團有限公司
1031,中國機械科學研究總院集團有限公司
1032,中國歷史研究院
1033,中國燃氣控股有限公司
1034,中國融通資產管理集團有限公司
1035,中國鋼研科技集團有限公司
1036,中國鋼鐵公司
1037,中國儲備糧管理集團有限公司
1038,中國應急管理部
1039,中國檢驗認證_集團_有限公司
1040,中國環球電視網
1041,中國聯合網絡通信集團有限公司
1042,中國聯合網路通信集團有限公司
1043,中國趨勢控股
1044,獵豹移動
1045,中國藏語系高級佛學院
1046,中國藏學研究中心
1047,中國醫藥創新促進會
1048,中國醫藥集團有限公司
1049,中國證券監督管理委員會
1050,中國證券監督管理委員會國際合作部_港澳台事務辦公室
1051,中國寶武鋼鐵集團有限公司
1052,中國礦產資源集團有限公司
1053,中國鐵路工程集團有限公司
1054,中國鐵路通信信號集團有限公司
1055,中國鐵道建築集團有限公司
1056,中國鹽業集團有限公司
1057,中華大學育成創新中心
1058,中華全國工商業聯合會
1059,中華工程股份有限公司
1060,中華中山文化交流協會
1061,中華中興菁英發展協會
1062,中華文化促進會
1063,中華文化發展促進會
1064,中華文化聯誼會
1065,中華未來學校教育學會
1066,三一寰宇文化協會
1067,中華民國三三企業交流會
1068,中華民國工商協進會
1069,中華民國工業協進會
1070,中華民國中央銀行
1071,中華民國內政部
1072,中華民國文化部
1073,中華民國文化部蒙藏文化中心
1074,中華民國台灣省政府
1075,中華民國外交部
1076,中華民國交通部
1077,交通部運輸研究所
1078,中華民國全國工業總會
1079,中華民國全國商業總會
1080,中華民國全國創新創業總會
1081,中華民國全國漁會
1082,中華民國全國總工會
1083,中華民國村里長聯合服務總會
6254,台灣科技產業協會
1084,中華民國私立科技大學校院促進會
1085,中華民國法務部
1086,中華民國金融監督管理委員會
1087,中華民國青溪婦女協會
1088,中華民國政府
1089,中華民國紅十字會
1090,中華民國旅行商業同業公會全國聯合會
1091,中華民國留日東京華僑總會
1092,中華民國財政部
1093,中華民國退伍軍人協會
1094,中華民國國防部
1095,中華民國國家發展委員會
1096,中華民國婦女會總會
1097,中華民國陸軍
1098,中華民國勞工共同品質產物提昇暨就業輔導促進會
1099,中華民國棒球協會
1100,中華民國經濟部
1101,中華民國經濟部國際貿易局
1102,中華民國農會
1103,中華民國對外貿易發展協會
1104,中華民國福建省政府
1105,臺灣省政府
1106,中華民國廣播電視節目製作商業同業公會
1107,中華民國衛生福利部
1108,中華民國總統府
1109,中華民國醫師公會全國聯合會
1110,中華民國觀光旅館商業同業公會
1111,中華民國觀光領隊協會
1112,中華民族抗日戰爭紀念協會
1113,中華民族致公黨
1114,財團法人中華民族發展基金會
1115,中華民族團結協會
1116,中華民族團結進步協會
1117,台灣中華伏羲協會
1118,中華全國人民調解員協會
1119,中華全國台灣同胞聯誼會
1120,中華全國台灣同胞聯誼會研究室
1121,中華全國台灣同胞聯誼會聯絡部
1122,中華全國供銷合作總社
1123,中華全國青年聯合會
1124,中華全國婦女聯合會
1125,中華全國新聞工作者協會
1126,中華全國總工會
1127,中華老人文化交流促進會
1128,中華自媒體暨部落客協會
1129,中華兩岸一家親交流協會
1130,中華兩岸人民文經交流促進會
1131,中華兩岸工商事務管理協會
1132,中華兩岸少數民族文化經貿交流協會
1133,中華兩岸文化交流促進會
1134,中華兩岸文化經貿交流協會
1135,中華兩岸交流協會
1136,中華兩岸交流促進會
1137,中華兩岸和平發展聯合會
1138,中華兩岸青年交流協會
1139,社團法人中華兩岸婚姻協調促進會
1140,中華兩岸婚姻家庭服務聯盟
1141,中華兩岸教育暨就業發展協會
1142,中華兩岸新家庭協會
1143,中華兩岸跨業聯盟總會
1144,中華兩岸農業交流總會
1145,中華咖啡產業協會
1146,中華服務交流協會
1147,中華武術散打搏擊協會
1148,中華炎黃文化研究會
1149,中華青年企業家協會
1150,中華青年經貿交流協會
1151,中華青雁和平教育基金會
1152,社團法人中華民族致公文化總會
1153,中華時報
1154,中華海外聯誼會_中國海外交流協會
1155,中華海峽兩岸文化經貿促進會
1156,中華海峽兩岸民間團體交流促進協會_台灣策略聯盟
1157,中華海峽兩岸民間團體促進協會
1158,中華海峽兩岸金融產業發展協會
1159,中華海峽兩岸新聞事業交流協會
1160,中華海峽兩岸新聞報
1161,中華航空股份有限公司
1162,中華國際文教交流促進會
1163,中華基督教兩岸交流協會
1164,中華民國婦女聯合會
1165,中華婦女黨
1166,中華清雁和平教育基金會
1167,中華統一促進黨
1168,中華統一促進黨北美總支黨部
1169,中華統一促進黨駐美代表處
1170,中華設計獎
1171,中華傑出青年交流促進會
1172,社團法人中華創業育成協會
1173,中華湖南邵陽旅台同鄉會
1174,中華華夏醫師協會
1175,中華郵政
1176,中華開發金融控股股份有限公司
1177,中華黃埔四海同心會
1178,中華媽祖文化交流協會
1179,中華媽祖聯誼會
1180,中華微視股份有限公司
1181,中華經貿文創聯盟協會
1182,中華經濟文化發展促進會
1183,中華農業暨水利事業發展協會
1184,中華農業機械學會
1185,中華道教聯合總會
1186,中華演藝總工會
1187,中華綠色產業聯盟暨文化交流協會
1188,中華臺北村里長聯合總會
1189,中華戰略學會
1190,中華整形美容產業協會
1191,中華聯合集團
1192,中華職業教育社
1193,鯤鵬會
1194,中視文化事業股份有限公司
1195,中視傳媒股份有限公司
1196,中視資訊科技股份有限公司
1197,中評智庫基金會
1198,中實集團
1199,中遠海運港口有限公司
1200,中衛科技股份有限公司
1201,中興通訊股份有限公司
1202,中糧集團有限公司
1203,中關村融信金融信息化產業聯盟
1204,丹珠昂奔
1205,互聯網行動科技股份有限公司
1206,五星控股集團有限公司
1207,井賢棟
1208,仇開明
1209,今日亞洲有限公司
1210,今日海峽
1211,今日傳媒股份有限公司
1212,NOWNEWS今日新聞
1213,今日頭條
1214,元禾控股
1215,元禾璞華_蘇州_投資管理有限公司
1216,元炬科研股份有限公司
1217,元祖實業股份有限公司
1218,元培醫事科技大學
1219,元智大學智慧生產與管理創新研究中心
1220,元翔_廈門_國際航空港股份有限公司
1221,元順興業股份有限公司
1222,內鄉縣人民政府
1223,內蒙古自治區人民政府台灣事務辦公室
1224,中共內蒙古自治區委員會
1225,中共內蒙古自治區委員會統一戰線工作部
1226,中國公安部政治部
1227,公益信託主愛社會福利基金
1228,公益信託恩典社會福利基金
1229,公益信託基督教中華信望愛基金
1230,東森分眾傳媒股份有限公司
1231,升樺國際有限公司
1232,友成企業家扶貧基金會
1233,友達光電_昆山_有限公司
1234,友達光電_蘇州_有限公司
1235,友達光電股份有限公司
1236,友嘉實業股份有限公司
1237,天主教輔仁大學
1238,天安財產保險股份有限公司
1239,天安財產保險股份有限公司江蘇省分公司
1240,天津大學
1241,天津天后宮
1242,天津天驕易業科技發展有限公司
1243,天津台協
1244,天津市人民政府
1245,天津市人民政府台灣事務辦公室
1246,天津市民族和宗教事務委員會
1247,中共天津市委台灣工作辦公室
1248,天津市東麗區人民政府
1249,中共天津市東麗區委員會
1250,天津市商務局
1251,天津市國家安全局
1252,天津市媽祖文化促進會
1253,天津市濱海新區人民政府
1254,天津先進技術研究院
1255,天津兩岸青年中心
1256,飛騰信息技術有限公司
1257,天津海河傳媒中心
1258,天津頂益國際食品有限公司
1259,天津華盈海泰科技發展有限公司
1260,天馬瀝青股份有限公司
1261,天涯虛擬社區
1262,天源鋒國際開發股份有限公司
1263,天福集團
1264,天興股份有限公司
1265,太倉台協
1266,太原台協
1267,太極能源科技股份有限公司
1268,太裕營造股份有限公司
1269,孔子學院
1270,孔小惠
1271,孔文吉
1272,少年老城教育科技_成都_有限公司
1273,尤猛軍
1274,尤權
1275,尹力
1276,尹宗華
1277,尹茂祥
1278,尹啟銘
1279,尹寶虎
1280,巴拿馬華僑華人中國和平統一促進會
1281,巴基斯坦穆斯林聯盟
6255,台灣藝術創生文化基金會
1282,手信坊股份有限公司
1283,支付寶_中國_網絡技術有限公司
1284,文化和旅遊部國際交流與合作局_港澳台辦公室
1285,中國文化和旅遊部藝術發展中心
1286,財團法人文化臺灣基金會
1287,文清
1288,文甦
1289,文滿有限公司
1290,方文山
1291,方和傳媒股份有限公司
1292,方明標
1293,方芳
1294,方桃忠
1295,方祖岐
1296,方祖歧
1297,方翔
1298,方濤
1299,方麗雲
1300,日本福建經濟文化促進會
1301,日富人文餐飲企業股份有限公司
1302,日照台協
1303,日照市人民政府台灣事務辦公室
6168,木堯
1304,止戈文化交流中心
1305,止戈書院
1306,江蘇比米農牧科技有限公司
1307,比特大陸科技有限公司
1308,毛大慶
1309,毛超峰
1310,毛嘉慶
1311,水利部長江水利委員會
1312,水利部黃河水利委員會
1313,水沙連藝術攝影家協會
1314,火把行道會
1315,牛旭東
1316,牛春茹
1317,牛敬
1318,王小榮
1319,王升
1320,王天怡
1321,王太平
1322,王文
1323,王文序
1324,王文杉
1325,王文宗
1326,王文婕
1327,王文淵
1328,王文琦
1329,王文隆
1330,王文燮
1331,王世廷
1332,王令麟
1333,王加清
1334,王可言
1335,王平
1336,王正
1337,王正文
1338,王正偉
1339,王玉峰
1340,王立強
1341,王立新
1342,王在希
1343,王利平
1344,王岐山
1345,王志民
1346,王志好
1347,王志成
1348,王志偉
1349,王村煌
1350,王其江
1351,王忠福
1352,王忠豪
1353,王昆義
1354,王明鑒
1355,王武聰
1356,王治中
1357,王金平
1358,王信賢
1359,王冠中
1360,王奕然
1361,王屏生
1362,王建民
1363,王建朗
1364,王建國
1365,王映球
1366,王春
1367,王春法
1368,王昱正
1369,王為仁
1370,王紅
1371,王紅玲
1372,王美花
1373,王英津
1374,王剛
1375,王家瑞
1376,王振民
1377,王時雨
1378,王偉明
1379,王國生
1380,王崑義
1381,王晨
1382,王雪紅
1383,王堯
1384,王景輝
1385,王萍
1386,王貴恆
1387,王貴雲
1388,王新強
1389,王新堯
1390,王道旺台媒體股份有限公司
1391,王鈺甯
1392,王嘉麟
1393,王寧
1394,王榮
1395,王榮平
1396,王滬寧
1397,王鳴
1398,王德保
1399,王慶祥
1400,王毅
1401,王澍
1402,王衛星
1403,王樹生
1404,王錫圭
1405,王勵勤
1406,王鴻薇
1407,王豐
1408,王蘭棟
1409,世芯電子股份有限公司
1410,世界山東同鄉總會
1411,世界日報
1412,世界台灣商會聯合總會
1413,世界知識出版社有限公司
1414,世界華人工商婦女企管協會
1415,世界華人網友會
1416,世界新聞網
1417,世界台山網友會
1418,世新大學
1419,丘福泉
1420,仙桃台協
1421,冉菊
1422,加合科技股份有限公司
1423,加博國際有限公司
1424,包旺科技包材股份有限公司
1425,北大荒農墾集團有限公司
1426,北加州中國和平統一促進會
1427,北投麗禧溫泉酒店股份有限公司
1428,北京大學
1429,北京大學工學院
1430,北京大學互聯網發展研究中心
1431,北京大學台灣研究院
1432,北京市大學生體育協會棒壘球分會
1433,北京大學企業家俱樂部
1434,北京大學兩岸文化研究基地
1435,北京大學校友會
1436,北京大學國際關係學院
1437,北京大學產業技術研究院
1438,北京大學創業訓練營
1439,北京大學創業訓練營兩岸青年創客空間
1440,北京中易網天信息技術有限公司
1441,北京中娛創想文化股份有限公司
1442,北京日報
1443,北京台協
1444,北京市台灣同胞聯誼會
1445,北京台灣會館
1446,四海孔子書院
1447,北京外交人員服務局
1448,北京市人民政府
1449,北京市人民政府台灣事務辦公室
1450,北京市人民政府國有資產監督管理委員會
1451,北京市台胞交流服務中心
1452,北京市石景山區人民政府
1453,北京市果品有限公司
1454,北京市青年聯合會
1455,北京市科學技術研究院
1456,北京市財政局
1457,北京市教育委員會
1458,北京市發展和改革委員會
1459,北京市學生聯合會
1460,北京武岳峰亦合高科技產業投資合夥企業_有限合夥
1461,北京企業投資有限公司
1462,國家自然博物館
1463,北京京西創業投資基金管理有限公司
1464,北京京煤集團有限責任公司
1465,北京味全食品有限公司
1466,昆騰微電子股份有限公司
1467,北京東土科技股份有限公司
1468,北京東土軍悅科技有限公司
1469,北京社會主義學院
1470,北京股權交易中心有限公司
1471,北京青年報
1472,北京青年報社
1473,北京建廣資產管理有限公司
1474,北京師範大學
1475,北京海峽文化交流有限公司
1476,北京能源集團有限責任公司
1477,北京航空航天大學
1478,北京航空航天大學國家大學科技園
1479,北京訊眾通信技術股份有限公司
1480,北京啟迪創業孵化器有限公司
1481,北京國有資本運營管理有限公司
1482,北京控股有限公司
1483,北京控股集團有限公司
1484,北京控股環境集團有限公司
1485,北京清芯華創投資管理有限公司
1486,清華大學
1487,清華大學台灣研究院學術委員會
1488,清華大學台灣校友會
1489,清華大學建築設計研究院成都分院藝術鄉建研究中心
1490,清華大學美術學院
1491,清華大學台灣研究院
1492,北京理工大學
1493,北京盛達興業房地產開發有限公司
1494,北京創業公社投資發展有限公司
1495,北京紫玉山莊房地產開發有限公司
1496,北京華文學院
1497,北京愛音斯坦文化傳媒股份有限公司
1498,北京新如君文化有限公司
1499,北京新京報傳媒有限責任公司
1500,北京農產品流通協會
1501,北京歌華文化發展集團有限公司
1502,北京福慧公益基金會
1503,北京綠色天香公司
1504,北京遠度互聯科技有限公司
1505,北京燃氣藍天控股有限公司
1506,北京聯合大學
1507,北京聯合大學台灣研究院
1508,北京聯合大學台灣研究院兩岸關係研究所
1509,北美上海商會
1510,北美洲台灣鄉親聯誼會創會
1511,北美藏族同鄉會
1512,北海台協
1513,北控水務集團有限公司
5296,北控城市能源
1514,北控城市資源集團有限公司
1515,北控清潔能源集團有限公司
1516,北創投資有限公司
1517,古德思實業股份有限公司
1518,可成科技_宿遷_有限公司
1519,國立臺灣大學建築與城鄉研究所
1520,臺中市元保宮
1521,台中市沙鹿區美仁里
1522,臺中市軸承商業同業公會
1523,台中生活大小事
1524,台中旌旗教會
1525,國立台北大學政治經濟研究中心
1526,台北市工業設計發展協會
1527,台北市中山區劍潭里
1528,台北市文山區忠順里
1529,臺北市北投區大屯里
1530,台北市北投區里長聯誼會
1531,台北市四川同鄉會
4473,台北市里長聯合總會
1532,臺北市政府
1533,臺北市政府兩岸小組
1534,台北市電腦商業同業公會
1535,台北市影音節目製作商業同業公會
1536,台北市議會
1537,臺北市議會
1538,台北真理堂
1539,台北基督之家
1540,台北市雲南省同鄉會
1541,臺北農產運銷股份有限公司
1542,台北靈糧堂
1543,台宜陶瓷_宜興_有限公司
1544,臺南市政府
1545,財團法人臺灣省臺南縣學甲慈濟宮
1546,台品國際企業有限公司
1547,台胞薛清德調解工作室
1548,台塑企業
1549,台新創業投資股份有限公司
1550,台灣民主自治同盟上海市委員會
1551,台灣民主自治同盟中央委員會
1552,台灣民主自治同盟宣傳部新聞處
1553,台灣民主自治同盟北京市委員會
1554,台灣民主自治同盟北京市委員會組織部
1555,台灣民主自治同盟北京市東城區委員會
1556,台盟愛國主義教育基地
1557,台達電子_郴州_有限公司
1558,台達電子工業股份有限公司
4493,台聲雜誌社有限公司
1560,臺灣人民報
1561,台灣人民報業股份有限公司
1562,台灣上趣開新團隊
1563,台灣大旅行社股份有限公司
1564,中國夢促進會
1565,中華文化總會
1566,中華兩岸勞動關係發展協會
1567,中華青年交流協會
1568,中華新文化發展協會
1569,台灣中華資深記者協會
1570,台灣中評通訊社有限公司
1571,台灣文化藝術界聯合會
1572,台灣民主自治同盟
1573,台灣民主自治同盟北京市委員會組織處
1574,台灣民主自治同盟江西省委員會
1575,台灣民主自治同盟南京市委員會
1576,台灣民主自治同盟宣傳部
1577,台灣民主自治同盟浙江省委員會
1578,台灣民主自治同盟雲南省委員會
1579,台灣民主自治同盟廈門市委員會
1580,台灣民主自治同盟福建省委員會
1581,台灣民主自治同盟廣東省委員會
1582,台灣民眾黨
1583,台灣玉山科技協會
1584,台灣休閒農業學會
1585,台灣光彩文創事業有限公司
1586,台灣光彩投資開發股份有限公司
1587,台灣光彩金廈和平大橋股份有限公司
1588,台灣光彩青年股份有限公司
1589,社團法人台灣光彩促進會
1590,台灣光彩國際旅行社有限公司
1591,社團法人台灣光彩慈善公益協會
1592,台灣光彩農業發展股份有限公司
1593,台灣光彩實業股份有限公司
1594,台灣全球新聞網
1595,台灣同學會
1596,中央統戰部台灣同學學術交流中心
1597,台灣地區政治受難人互助會
1598,台灣百度人力資源管理顧問有限公司
1599,台灣妙管家股份有限公司
1600,台灣抗日志士親屬協進會
1601,台灣貝寶生物科技股份有限公司
1602,台灣兩岸電競青年新創育成研究發展協會
1603,台灣海峽兩岸醫療事務交流協會
1604,台灣東方海外物流股份有限公司
1605,花蓮縣海峽兩岸少數民族交流協會
1606,臺灣金融科技協會
1607,台灣青年之家
1608,台灣青年聯合會
1609,台灣青年聯合會農創中心
1610,台灣青年聯誼會天津分會
1611,台灣青年體育教育文化交流發展協會
1612,台灣信義會信義堂
1613,南投縣竹藝學會
1614,台灣品牌農業推廣協會
1615,台灣威視價值股份有限公司
1616,全國人民代表大會台灣省代表團
1617,台灣新聞記者協會
1618,台灣美麗鄉村發展協會
1619,台灣海峽兩岸人民服務協會
1620,海峽兩岸公共事務協會
1621,台灣退休警消聯盟
1622,台灣區車輛工業同業公會
1623,台灣區電腦輔助成型技術交流協會
1624,台灣區電機電子工業同業公會
1625,台灣區模具工業同業公會
1626,台灣區瀝青工業同業公會
1627,台灣眾藝益百人文關懷協會
1628,台灣設計聯盟
1629,台灣雪豹科技股份有限公司
1630,台灣頂巧餐飲事業股份有限公司
1631,台灣凱基商業銀行股份有限公司
1632,台灣勞動黨
1633,台灣普聯研發有限公司
4531,台灣智會
1634,臺灣港務股份有限公司
1635,台灣貴州新住民兩岸交流協會
1636,台灣順天聖母協會
1637,台灣傳統倫理文化發展協會
1638,台灣媽祖聯誼會
1639,台灣愛迪生創意科技股份有限公司
1640,台灣愛音斯坦文化傳播股份有限公司
1641,社團法人台灣新住民經貿文化交流協會
1642,台灣新思科技股份有限公司
1643,台灣新聞研究促進協會
1644,台灣農民創業園
1645,台灣閩台同宗同名村交流中心
1646,臺灣閩投經濟發展股份有限公司
1647,台灣標竿企業促進會
1648,台灣蔬果輸出業同業公會
1649,台灣學生聯誼總會
1650,台灣積體電路製造股份有限公司
1651,台灣總工會
1652,台灣獵豹移動股份有限公司
1653,臺灣證券交易所股份有限公司
1654,財團法人關懷中小企業基金會
1655,社團法人臺灣競爭力論壇學會
1656,台灣競舞娛樂有限公司
1657,台灣騰訊人才資源管理顧問
1658,台灣騰訊視頻WETV
1659,台灣觀光巴士股份有限公司
1660,史子浩
1661,史冬冬
1662,史孟元
1663,史家怡
1664,四川大學
1665,四川大學新聞學院
1666,四川日報報業集團
1667,擂鼓鎮八一中學
1668,四川民族歌舞團
1669,四川省人民代表大會
1670,四川省人民政府
1671,四川省人民政府台灣事務辦公室
1672,四川省人民政府僑務辦公室
1673,四川省中華文化學院
1674,四川省公安廳
1675,四川省文化廳
1676,四川省民政廳
1677,四川省作家協會
1678,中國人民政治協商會議四川省委員會文化文史和學習委員會
1679,中國人民政治協商會議四川省委員會港澳台僑和外事委員會
1680,四川省海峽兩岸交流促進會
1681,四川省骨科醫院
1682,四川省國家安全廳
1683,四川省婦女聯合會
1684,四川省教育廳
1685,四川省德陽市海峽兩岸青年創業園
1686,海峽兩岸産業合作區
1687,四月網
1688,安徽四創電子股份有限公司
1689,四鯤鯓雲海宮
1690,中國外交部機關及駐外機構服務中心
1691,外交學院
1692,全國人民代表大會外事委員會
1693,央廣傳媒發展總公司
1694,央廣新媒體文化傳媒_北京_有限公司
1695,尼泊爾中國和平統一促進會
1696,尼泊爾共產黨_聯合馬列
1697,布列德麵包股份有限公司
1698,布蘭達股份有限公司
1699,平潭台協
1700,平潭自由貿易區兩岸發展有限公司
1701,平潭綜合實驗區管理委員會
1702,平潭綜合實驗區
1703,平潭綜合實驗區交通投資集團有限公司
1704,平潭綜合實驗區婦聯
1705,平潭綜合實驗區經濟發展局
1706,平潭綜合實驗區黨工委黨群工作部
1707,打開聯合文化創意有限公司
1708,正洋科技有限公司
1709,正修學校財團法人正修科技大學
1710,廈門正航軟件科技有限公司
1711,正記投資股份有限公司
1712,正崴精密工業股份有限公司
1713,正華資訊股份有限公司
1714,民主進步黨
1715,民生報導
1716,民生新聞網
1717,中國國民黨革命委員會上海市委員會
1718,民主進步黨中國事務部
1719,永弘毅有限公司
1720,永州台協
1721,永亮社交電商股份有限公司
1722,永悅健康股份有限公司
1723,永泰縣人民政府
1724,永軒健康顧問股份有限公司
1725,永揚生醫科技股份有限公司
1726,永群豪國際股份有限公司
1727,永鈺興業股份有限公司
1728,永嘉縣人民政府
1729,永曜生技股份有限公司
1730,永豐金融控股股份有限公司
1731,永豐商業銀行
1732,永豐餘投資控股股份有限公司
1733,玉山計畫
1734,玉山腳下
1735,玉晶光電_廈門_有限公司
1736,玉晶光電股份有限公司
1737,玉溪市人民政府
1738,玉溪市新平彝族傣族自治縣
1739,甘肅省人民政府
1740,甘肅省人民政府台灣事務辦公室
1741,中共甘肅省委員會
1742,甘肅省台灣同胞聯誼會
1743,甘肅省廣河縣人民政府
1744,田向利
1745,田國立
1746,田富達
1747,田舒斌
1748,田麗
1749,申兵
1750,申紀蘭
1751,申港證券股份有限公司
1752,申濱
1753,白崇亮
1754,白朝平
1755,石家莊台協
1756,石葦
1757,禾詮鋼鐵有限公司
1758,中華民國立法院
1759,立宸科技有限公司
1760,立訊精密工業股份有限公司
1761,交通銀行股份有限公司
1762,任冬梅
1763,任揮
1764,伊林娛樂股份有限公司
1765,伊博企業股份有限公司
1766,伍俊英
1767,休斯頓中國和平統一促進會
1768,兆廣國際開發有限公司
1769,先進農業生技有限公司
1770,先鋒領航集團
1771,光明網
1772,光彩金廈工程股份有限公司
1773,光寶科技_江蘇_有限公司
1774,全日本華人促進中國和平統一協議會
1775,全日本華僑華人中國和平統一促進會
1776,全日本華僑華人聯合會
1777,全台砂石股份有限公司
1778,全民監票行動聯盟
1779,全志強
1780,全芯智造技術有限公司
1781,全非洲中國和平統一促進會
1782,全美中國和平統一促進會聯合會
1783,全美反獨促統聯盟
5320,全美華裔總商會
1784,全家便利商店_中國地區
1785,全國_掃黃打非_工作小組辦公室
1786,全國人民代表大會
1787,全國人民代表大會常務委員會
1788,全國人民代表大會民族委員會
1789,全國人民代表大會憲法和法律委員會
1790,全國人民代表大會社會建設委員會
1791,全國人民代表大會財政經濟委員會
1792,全國人民代表大會常務委員會法制工作委員會
1793,全國人民代表大會常務委員會代表工作委員會
1794,全國人民代表大會常務委員會代表資格審查委員會
1795,全國人民代表大會常務委員會香港特別行政區基本法委員會
1796,全國人民代表大會常務委員會預算工作委員會
1797,全國人民代表大會常務委員會澳門特別行政區基本法委員會
1798,全國人民代表大會常務委員會辦公廳
1799,全國人民代表大會常務委員會辦公廳研究室
1800,全國人民代表大會教育科學文化衛生委員會
1801,全國人民代表大會華僑委員會
1802,全國人民代表大會農業與農村委員會
1803,全國人民代表大會監察和司法委員會
1804,全國人民代表大會環境與資源保護委員會
1805,全國台灣同胞投資企業聯誼會
1806,全國台聯兩岸文化藝術交流中心
1807,全國台灣研究會
1808,全國掃黑除惡專項鬥爭協調小組
1809,全國青工總會
1810,中國人民政治協商會議全國委員會
1811,中國人民政治協商會議全國委員會人口資源環境委員會
1812,中國人民政治協商會議全國委員會文化文史和學習委員會
1813,中國人民政治協商會議全國委員會外事委員會
1814,中國人民政治協商會議全國委員會民族和宗教委員會
1815,中國人民政治協商會議全國委員會社會和法制委員會
1816,中國人民政治協商會議全國委員會書畫室
1817,中國人民政治協商會議全國委員會教科衛體委員會
1818,中國人民政治協商會議全國委員會提案委員會
1819,中國人民政治協商會議全國委員會港澳台僑委員會
1820,中國人民政治協商會議全國委員會經濟委員會
1821,中國人民政治協商會議全國委員會農業和農村委員會
1822,中國人民政治協商會議全國委員會辦公廳研究室
1823,全國產業總工會
1824,全國對台幹部培訓中心
1825,全國台灣同胞投資企業聯誼會_廣東片區
1826,全國台灣同胞投資企業聯誼會青年工作委員會
1827,浙商總會
1828,全球醫養健康產業發展股份有限公司
1829,全德投資股份有限公司
1830,全聯旅遊業商會
1831,中國共產主義青年團北京市委員會
1832,ELANG_MAHKOTA_TEKNOLOGI
1833,印紅
1834,危偉漢
1835,危朝安
1836,合一生技股份有限公司
1837,合肥台協
1838,合肥市人民政府
1839,合源旺股份有限公司
1840,合群機械有限公司
5190,吉吉兆陞集團
1841,吉名國際股份有限公司
1842,吉安台協
1843,吉林大學
1844,吉林台協
1845,吉林省人民政府
1846,中共吉林省委臺灣工作辦公室
1847,吉林省人民政府台灣事務辦公室
1848,吉浩明
1849,吉寶通訊_南京_有限公司
1850,同生國際有限公司
1851,同源國際旅行社
1852,同濟大學
1853,同濟大學國家大學科技園
1854,名模製作股份有限公司
1855,向心
1856,地天泰農業生技股份有限公司
1857,多印屋股份有限公司
1858,多維新聞
1859,好旺股份有限公司
1860,好消息電視台
1861,好康報抱群_台商微信群
1862,如何有限公司
1863,北京字節跳動科技有限公司
1864,宇誼餐飲事業股份有限公司
1865,安定力量
1866,安居建設開發股份有限公司
1867,安東尼_約翰_布林肯
1868,安峰山
1869,安泰商業銀行
1870,安特羅生物科技股份有限公司
1871,安陽市人民政府台灣事務辦公室
1872,安順裝卸股份有限公司
1873,安暉
1874,安樂茶坊有限公司
1875,安靜
1876,安徽省人民政府
1877,安徽省人民政府外事僑務辦公室
1878,安徽省台灣同胞聯誼會
1879,安徽省委員會台灣工作辦公室
1880,安徽省農業委員會
1881,安徽省人民政府台灣事務辦公室
1882,安徽新華傳媒股份有限公司
1883,成為基金_成為資本
1884,成軍
1885,成都_星點_海峽兩岸新經濟創業園
1886,成都台協
1887,成都市人民政府
1888,成都市人民政府台灣事務辦公室
1889,成都市人民政府外事僑務辦公室
1890,中共成都市委員會
1891,成都高新技術產業開發區管理委員會
1892,成都翔生實業有限公司
1893,成都詩潤科技有限公司
1894,成都撼科科技有限公司
1895,興藍科技股份有限公司
1896,成創科技股份有限公司
1897,旭華海空運承攬有限公司
1898,旭華航空貨運承攬有限公司
1899,旭瑞文化傳媒股份有限公司
1900,曲阜遠東職業技術學院
1901,曲鳳宏
1902,有研科技集團有限公司
1903,朱水準
1904,朱巧湘
1905,朱永銓
1906,朱立倫
1907,朱奕龍
1908,朱重烈
1909,朱泰政
1910,朱從玖
1911,朱凱琪
1912,朱雲
1913,朱黃傑
5139,財團法人朱銘文教基金會
1915,朱鳳蓮
1916,朱慧寧
1917,朱衛東
1918,朱學恒
1919,朱甌
1920,朱蕙蘭
1921,朱穗怡
1922,朱松嶺
1923,朱鶴新
1924,朴聖根
1925,汎明投資有限公司
1926,汕頭大學
1927,汕頭大學台灣研究所
1928,汕頭大學粵台企業合作研究院
1929,汕頭台協
1930,汕頭市人民代表大會常務委員會
1931,汕頭市台港澳經濟研究會
1932,江子翠行道會
1933,江丙坤
1934,江西省人民政府
1935,江西省人民政府台灣事務辦公室
1936,江西省作家協會
1937,江西省黃埔軍校同學會
1938,江西海外聯誼會
1939,江利平
1940,江秀琴
1941,江典增
1942,江長彥
1943,江門五邑台協
1944,江俊彥
1945,江南社會學院
1946,江南春
1947,江素蘭
1948,江啟臣
1949,江陰台協
1950,江陰通利光電科技有限公司
1951,江爾雄
1952,江凜
1953,昆山慧聚天后宮
1954,江蘇南緯悅達纖維科技有限公司
1955,江蘇省人民政府
1956,江蘇省人民政府國有資產監督管理委員會
1957,江蘇省工業和信息化廳
1958,江蘇省文化和旅遊廳
1959,江蘇省人民政府台灣事務辦公室
1960,江蘇省台灣同胞聯誼會
1961,江蘇省台灣研究中心
1962,江蘇省民族宗教事務委員會
1963,江蘇省委員會台灣工作辦公室
1964,江蘇省商務廳
1965,江蘇省國信資產管理集團有限公司
1966,江蘇省國際信託有限責任公司
1967,江蘇省台灣同胞聯誼會青年委員會
1968,江蘇省廣播電視總台
1969,江蘇省總工會
1970,江蘇國信股份有限公司
1971,江蘇銀行股份有限公司
1972,江蘇慧智新材料科技有限公司
1973,池洪湖
1974,牟鍾豪
1975,百事公司大中華區
1976,百度_中國_有限公司
1977,百皇投資有限公司
1978,百泰健康國際事業有限公司
1979,百慕達商東方海外_代理_有限公司
1980,自貢市雜技團
1981,艾和昌
1982,艾普羅行銷市場研究股份有限公司
1983,行政院
1984,行政院消費者保護處
1985,行政院新聞局
1986,行政院農業委員會
1987,行政院農業部畜牧處
1988,衛生福利部國民健康署
1989,行政院環境保護署
1990,西北工業大學
1991,西北農林科技大學
1992,西安台協
1993,西安交通大學
1994,西南民族大學
1995,西南交通大學土木工程學院
1996,西班牙中國和平統一促進會
1997,西藏自治區台灣事務辦公室
1998,亨通興業有限公司
1999,何立峰
2000,何建華
2001,何思慎
2002,何思穎
2003,何炳仲
2004,何香凝美術館
2005,何培鈞
2006,何采妍
2007,何采柔
2008,何采容
2009,何報翔
2010,何湯雄
2011,何超瓊
2012,何新台
2013,何溢誠
2014,何維
2015,何麗梅
2016,余楠
2017,余贊宏
2018,佛山台協
2019,佛羅里達中國和平統一促進會
2020,克麗緹娜
2021,冶春餐廳
2022,利臺國際股份有限公司
2023,利亞德光電股份有限公司
2024,利明獻
2025,利威投資股份有限公司
2026,利茂投資股份有限公司
2027,利台國際股份有限公司
2028,利億國際投資股份有限公司
2029,吳一昌
2030,吳小麗
2031,吳文勝
2032,吳文欽
2033,吳世昌
2034,吳白弋
2035,吳成典
2036,吳江台協
2037,吳伯雄
2038,吳宏謀
2039,吳志榮
2040,吳芊蓉
2041,吳邦治
2042,吳佩
2043,吳東合
2044,吳雨霖
2045,吳建志
2046,吳政隆
2047,吳春台
2048,吳洪芹
2049,吳紅亮
2050,吳娟
2051,吳家瑩
2052,吳振宇
2053,吳桂芳
2054,吳釗燮
2055,吳偉鵬
2056,吳啟龍
2057,吳國華
2058,吳國禎
2059,吳堅
2060,吳清綠
2061,吳勝熹
2062,吳尊友
2063,吳敦義
2064,吳斯懷
2065,吳新明
2066,吳筱涵
2067,吳榮元
2068,吳漢章
2069,吳增煌
2070,吳德威
2071,吳曉華
2072,吳謙
2073,呂春霖
2074,呂紅兵
2075,呂紹園
2076,孝感台協
2077,宋彤
2078,宋志強
2079,宋秀岩
2080,宋東文
2081,宋為
2082,宋楚瑜
2083,宋濤
2084,宋體金
2085,宏為科技開發有限公司
2086,宏為科技開發有限公司_台灣好報社
2087,快手
2088,我是宜蘭人
2089,我是花蓮人
2090,我是金門人
2091,我是南投人
2092,我是屏東人
2093,我是苗栗人
2094,我是桃園人
2095,我是高雄人
2096,我是基隆人
2097,我是雲林人
2098,我是新北人
2099,我是新竹人
2100,我是嘉義人
2101,我是彰化人
2102,我是台中人
2103,我是台北人
2104,我是台東人
2105,我是台南人
2106,我是澎湖人
2107,抖音
2108,李士亮
2109,李小勉
2110,李天寶
2111,李心
2112,李文彬
2113,李文溥
2114,李文輝
2115,李日貴
2116,李世默
2117,李功勤
2118,李永萍
2119,李玉文
2120,李玉生
2121,李全教
2122,李成家
2123,李作成
2124,李克強
2125,李志鴻
2126,李亞平
2127,李亞飛
2128,李佩珍
2129,李佳芬
2130,李佳玲
2131,李協倉
2132,李宗遠
2133,李忠傑
2134,李承先
2135,李昌平
2136,李明山
2137,李明哲
2138,李明貴
2139,李明賢
2140,李東興
2141,李金生
2142,李姿瑩
2143,李思真
2144,李政宏
2145,李政軒
2146,李科裕
2147,李茂盛
2148,李軍
2149,李振廣
2150,李秘
2151,李乾龍
2152,李偉
2153,李偉國
2154,李健
2155,李國強
2156,李國源
2157,李培
2158,李培根
2159,李強
2160,李望
2161,李勝峰
2162,寧波市醫療中心李惠利東部醫院
2163,李惠東
2164,李華球
2165,李華圍
2166,李貴明
2167,李陽波
2168,李雅芬
2169,李雲輝
2170,李雲澤
2171,李傳英
2172,李愛珍
2173,李瑞河
2174,李群
2175,李義虎
2176,李聖恩
2177,李詩欽
2178,李道
2179,李鉞鋒
2180,李雷鳴
2181,李維一
2182,李毅
2183,李瑾
2184,李曉兵
2185,李曉東
2186,李靜
2187,李嶸
2188,李鍾桂
2189,李鴻忠
2190,李鵬
2191,李麗姮
2192,李麗秋
2193,李靄君
5143,中華村里新聞網有限公司
2194,村里新聞網
2195,杜忠齊
2196,杜明達
2197,杜紫宸
2198,杜德弘
2199,杜松寧
2200,汪文斌
2201,汪江浩
2202,汪舟
2203,汪抒
2204,汪明生
2205,汪建國
2206,汪洋
2207,汪紀戎
2208,汪家龍
2209,汪群斌
2210,汪道涵
2211,汪毅夫
2212,汪鴻雁
2213,汪靈犀
2214,沅宏股份有限公司
2215,沈丹陽
2216,沈春耀
2217,沈啟明
2218,沈斌
2219,沈慶京
2220,沈麗珺
2221,沈躍躍
2222,沛博科技股份有限公司
2223,秀泰國際娛樂有限公司
2224,肖明光
2225,肖捷
2226,肖翔
2227,肖燚
2228,良心網
2229,良心網文化傳播有限公司
2230,芒果TV
2231,見龍創業投資有限公司
2232,言恭達
2233,辛旗
2234,香港辰星科技有限公司
2235,邢金牌
2236,邢善萍
2237,河北科技工程職業技術大學
2238,阪本幸雄
2239,亞太和平研究基金會
2240,亞太健康國際事業有限公司
2241,亞臺青_成都_海峽青年創業園
2242,亞投資產集團
2243,亞洲台灣商會聯合總會
2244,亞洲企業孵化協會
2245,亞洲地區中國和平統一促進會聯合總會
2246,亞洲研究中心
2247,亞馬遜集團控股有限公司_澳大利亞
2248,亞翔工程股份有限公司
2249,亞傳媒
2250,亞臺青_高新_海峽青年創業園
2251,京美土地開發股份有限公司
2252,佳昕科技股份有限公司
2253,佳朋開發股份有限公司
2254,佳綸生技股份有限公司
2255,來特投資股份有限公司
2256,兩岸台閩經貿文化事業有限公司
2257,兩岸企業家峰會
2258,兩岸企業家峰會金融産業合作推進小組
2259,財團法人兩岸共同市場基金會
2260,兩岸好報
2261,財團法人兩岸和平台灣信望愛文教基金會
2262,財團法人兩岸和平發展基金會
2263,兩岸和平台灣信望愛文教基金會
2264,兩岸青年交流合作社
2265,兩岸時報
2266,兩岸時報總社
2267,兩岸商情
2268,兩岸産業合作區發展聯盟
2269,兩岸統合學會
2270,兩岸勞工事務交流委員會
2271,兩岸智庫學術論壇
2272,兩岸發展研究基金會
2273,兩岸圓桌論壇協會
2274,社團法人台灣兩岸農漁業交流發展投資協會
2275,兩岸關係和平發展協同創新中心
2276,海峽兩岸關係研究中心
2277,兩岸關係風險指數
2278,兩岸關係學術研討會
2279,初鹿牧場
2280,卓金鎊
2281,卓越全球傳媒股份有限公司
2282,卓越雜誌
2283,卓新平
2284,協和新藥股份有限公司
2285,周小平
2286,周文偉
2287,周代祥
2288,周江勇
2289,周志高
2290,周志懷
2291,周泓任
2292,周秉德
2293,周姿綺
2294,周建平
2295,周彥喬
2296,周柏吟
2297,周恩來
2298,周振晴
2299,周晁利
2300,周晏齊
2301,周神助
2302,周偉
2303,周偉強
2304,周強
2305,周敏謙
2306,周斌
2307,周渝波
2308,周群飛
2309,周葉中
2310,周寧
2311,周榮堃
2312,周德昭
2313,周輝
2314,周鴻祎
2315,周艷
2316,味全食品工業股份有限公司
2317,和廷投資有限公司
2318,和邑投資有限公司
2319,和艦晶片製造_蘇州_股份有限公司
2320,坤金醫研科技股份有限公司
2321,奇巴圖
2322,孟昭華
2323,孟晚舟
2324,季笑宇
2325,季斌
2326,昆山宗仁卿紀念醫院有限公司
2327,宗明
2328,宗教文化出版社有限公司
2329,宗緒惠
2330,官品
2331,宜昌台協
2332,宜春台協
2333,宜泰投資股份有限公司
2334,宜蘭食品工業股份有限公司
2335,岳川江
2336,岳佐泉
2337,岳飛思想研究會
2338,岳朝軍
2339,岳陽台協
2340,府順建設股份有限公司
2341,忠昱數位有限公司
2342,承運交通股份有限公司
2343,拉斯維加斯中國和平統一促進會
2344,招商局集團有限公司
2345,招商銀行股份有限公司
2346,招銀國際金融有限公司
5353,招銀國際資本
2347,茂名放雞島旅遊發展有限公司
2348,于品海
2349,于春明
5174,于振東
2350,于偉國
5175,于健
2351,旺一下有限公司
2352,旺中寬頻媒體股份有限公司
2353,旺旺中時媒體集團
2354,旺旺友聯產物保險股份有限公司
2355,旺旺建設股份有限公司
2356,旺旺食品股份有限公司
2357,旺旺集團
2358,旺旺傳媒股份有限公司
2359,旺旺寬頻媒體股份有限公司
2360,旺報
2361,旺普建設股份有限公司
2362,旺嘉事業股份有限公司
2363,財團法人旺台文化教育基金會
2364,財團法人旺台環境文化基金會
2365,旺澎投資股份有限公司
2366,昆山台協
2367,昆山市人民政府
2368,昆山市文體廣電和旅遊局
2369,昆山市民族宗教事務局
2370,昆山市佛教協會
2371,昆山市政府國有資產監督管理辦公室
2372,昆山交通發展控股集團
2373,昆山兩岸青年創業園
2374,昆山科森科技股份有限公司
2375,昆山國創投資集團有限公司
2376,昆山深化兩岸產業合作試驗區
2377,昆山媽祖文化交流協會
2378,昆山經濟技術開發區管理委員會
2379,昆山瑪冀電子有限公司
6256,台灣電影製作發展協會
2380,昆山數字腦機信息科技服務有限公司
2381,昆山龍騰光電股份有限公司
2382,昆宏投資股份有限公司
2383,昆明台協
2384,昇恆昌股份有限公司
2385,昇財麗禧三溫暖股份有限公司
2386,昇財麗禧酒店股份有限公司
2387,昇維旭技術公司
2388,昌和環保股份有限公司
2389,明冠造機企業股份有限公司
2390,杭州凡聞科技有限公司
2391,杭州古一文化創意有限公司
2392,杭州台協
2393,杭州市人民政府
2394,杭州市人民政府台灣事務辦公室
2395,杭州市民政局
2396,浙江省杭州市錢塘區下沙街道
2397,杭州市錢塘區教育與衛生健康局
2398,杭州市錢塘區黨群工作部
2399,杭州君澳股權投資合夥企業_有限合夥
2400,杭州君瀚股權投資合夥企業_有限合夥
2401,杭州果品集團有限公司
2402,杭州華瀾微科技有限公司
2403,杭州雲鉑投資
2404,杭州愛爾堡教育諮詢有限公司
2405,杭州台灣學生志工隊
2406,杭州酷果文化創意有限公司
2407,上海東元德高電機有限公司
2408,東元科技文教基金會
2409,東元電機股份有限公司
2410,東方文化雜誌社
2411,東方海外_國際_有限公司
2412,東方財經雜誌社
2413,東方通信股份有限公司
2414,東方資本股份有限公司
2415,東西文化創意股份有限公司
2416,東吳大學
2417,東吳創新資本管理有限責任公司
2418,東吳證券股份有限公司
2419,東岱煤氣分裝場股份有限公司
2420,東南大學
2421,東風汽車集團有限公司
2422,東海盈達空調設備有限公司
2423,東莞世界莞商聯合會
2424,東莞台協
2425,東莞市台胞台屬聯誼會
2426,東莞市台胞台屬聯誼會儷雅會
2427,東莞市人民政府
2428,東莞市婦女聯合會
2429,東莞易競體育文化傳播有限公司
2430,東莞陸配儷雅會
2431,東博財務顧問股份有限公司
2432,東博資本創業投資股份有限公司
2433,東森自然美
2434,東森得易購股份有限公司
2435,東森集團
2436,東森新媒體控股股份有限公司_東森新聞雲
2437,東森新聞雲
2438,東森電視事業股份有限公司
2439,東森幣有限公司
2440,國立東華大學
2441,東橋營造工程股份有限公司
2442,東頤製作有限公司
2443,東營台協
2444,東營市人民政府
2445,東營市人民政府台灣事務辦公室
2446,東曜藥業有限公司
2447,財團法人台北市松山慈祐宮
2448,松原市善德農業有限公司
2449,林上元
2450,林上紘
2451,林子凱
2452,林中斌
2453,林中森
2454,林文生
2455,林文淵
2456,林文漪
2457,林正杰
2458,林亦桐
2459,林安梧
2460,林伯彥
2461,林伯豐
2462,林志城
2463,林谷芳
2464,林谷峻
2465,林谷樺
2466,林佳蓉
2467,林佳燕
2468,林佳臻
2469,林承鐸
2470,林昉柔
2471,林明溱
2472,林芷萱
2473,林金贊
2474,林金讚
2475,林長贈
2476,林青
2477,林奕田
2478,林建導
2479,林政則
2480,林昱
2481,林紅霞
2482,林軍
2483,林娜
2484,林庭妃
2485,林祖嘉
2486,林啟滄
2487,林國清
2488,林國慶
2489,林淑玲
2490,林斯福
2491,林智遠
2492,林雄
2493,林傳仁
2494,林義旻
2495,林裕紘
2496,林嘉政
2497,林銘田
2498,林韶雯
2499,林德旺
2500,林毅夫
2501,林潔
2502,林磐聳
2503,林銳熙
2504,林憲銘
2505,林豐正
2506,林懷
2507,林麗蟬
2508,林寶雲
2509,林耀朋
2510,林鑫保
2511,欣永成科技有限公司
2512,欣秋股份有限公司
2513,欣迪投資股份有限公司
2514,欣耀生醫股份有限公司
2515,武之璋
2516,武漢力翰科普發展有限公司
2517,武漢大學
2518,武漢台協
2519,武漢外國語學校
2520,武漢外國語學校美加分校
2521,武漢市教育局
2523,武漢理工大學
2524,武漢當代科技產業集團股份有限公司
2525,武維華
2526,河北大學
2527,河北省台灣同胞聯誼會
2528,中共河北省委台灣工作辦公室
2529,河北省人民政府
2530,河北省人民政府台灣事務辦公室
2531,河南省人民政府台灣事務辦公室
2532,中共河南省委員會
2533,中共河南省委員會統一戰線工作部
2535,河源台協
2536,河源市人民政府台灣事務辦公室
2537,法拉利國際科技股份有限公司
2538,法訊時報
2539,法國中國和平統一促進會
2540,泗陽群鑫電子有限公司
2541,波士頓中國和平統一促進會和統會
6171,知行
6257,台灣微電影創作協會
2543,社團法人台北市工業設計發展協會
2544,社團法人台灣新住民發展協會
2545,社團法人台灣新移民勞動權益促進會
2546,社團法人異象國際公益展望協會
2547,社團法人嘉義縣福利社區化推動協會
2548,社團法人彰化縣聲暉協進會
2549,社團法人臺北市工業設計發展協會
2550,社團法人臺灣新移民勞動權益促進會
2551,芝麻信用
2552,芯道互聯有限公司
2553,花俊雄
2554,花莉娜
2555,花都台協
2556,花蓮縣政府
2557,邯鄲台協
2558,邱太三
2559,邱正雄
2560,邱江
2561,邱沛寧
2562,邱佳瑜
2563,邱奕志
2564,邱峰
2565,邱湧忠
2566,邱榮利
2567,邱毅
2568,邱鏡淳
2569,邵宗海
2570,邵陽市人民政府台灣事務辦公室
2571,邵鴻
2572,采旺興業股份有限公司
2573,采記股份有限公司
2574,采億興業股份有限公司
2575,金仁寶集團
2576,金仲偉
2577,金色大地股份有限公司
2578,金來國際開發股份有限公司
2579,金固停車事業公司
2580,金波
2581,金門和平大橋營建基金會
2582,金門縣自來水廠
2583,金門縣金城鎮后豈港社區發展協會
6258,海峽兩岸經貿文化交流協會
2584,金門縣政府
2585,金茂律師事務所
2586,金剛直播KING_KONG
2587,金剛網絡有限公司
2588,金陵之聲廣播電台
2589,金湖縣金兆五金有限公司
2590,廈門金圓投資集團有限公司
2591,金圓統一證券有限責任公司
2592,金廈經濟特區促進聯盟
2593,金練紅
2594,金融時報
2595,金燦榮
2596,金麒麟電召車
2597,長沙台協
2598,長沙市人民政府台灣事務辦公室經濟處
2599,中共長沙市委台灣工作辦公室
2600,長沙市人民政府台灣事務辦公室
2601,長春台協
2602,長春英利汽車部件有限公司
2603,長春電影製片廠
2604,財團法人長風文教基金會
2605,長島顯應宮
2606,長榮空運倉儲股份有限公司
2607,長榮海運股份有限公司
2608,長榮航空股份有限公司
2609,長榮集團
2610,阜新市人民政府
2611,阿里巴巴集團
2612,阿南達博克瑞爾
6253,莆田市台灣同胞投資企業協會
2613,青島大統紡織開發有限公司
2614,青島台協
2615,青島豪門實業有限公司
2616,青島學而民和投資中心
2617,青海省人民政府台灣事務辦公室
2618,青銅互娛文化_深圳_有限公司
2619,青礁慈濟宮
2620,亮點新聞網
2621,侯友宜
2622,侯正
2623,侯漢廷
2624,俄勒岡州中國統一促進會
2625,保山比頓咖啡有限公司
2626,保利智能股份有限公司_智泊科技
2627,保定台協
2628,寶健國際集團
2629,保證責任屏東縣建農青果生產合作社
2630,俞正聲
2631,俞敏洪
2632,俞貴麟
2633,信心希望聯盟
2634,國家信息中心
2635,信德集團
2636,信誼陶瓷_東莞_有限公司
2637,信諾投資股份有限公司
2638,冠捷科技有限公司
2639,冠捷顯示科技_咸陽_有限公司
2640,冠棠教育科技_上海_有限公司
2641,冠騰國際事業有限公司
2642,冠騰傳媒
2643,勁鑫貿易股份有限公司
2644,南太電子
2645,南方財經全媒體集團
2646,南台灣文化暨經濟產業聯盟協會
2647,南台灣國際產學聯盟
2648,南平台協
2649,南光_集團_有限公司
2650,南存輝
2651,南投縣山東同鄉聯誼會
2652,南亞塑膠工業_南通_有限公司
2653,南京大學
2654,南京大學台灣研究所
2655,南京大學昆山創新研究院
2656,南京台協
2657,南京市台灣同胞聯誼會
2658,南京台灣青年創業學院
2659,南京市人民政府
2660,南京市人民政府台灣事務辦公室
2661,南京市文化和旅遊局
2662,南京市江寧區秣陵街道辦事處
2663,南京聆思科技有限公司
2664,南京頂益食品有限公司
2665,南京量通企業管理咨詢有限公司
2666,南京聖和藥業有限公司
2667,南昌大學中文系
2668,南昌台協
2669,南昌市人民政府
2670,南非開普敦朝天宮
2671,南美美華總商會
2672,南海控股集團
2673,南海發展有限公司
2674,南通台協
2675,南通市人民政府
2676,南華早報
2677,南華禪寺
2678,南開大學
2679,南開大學兩岸關係研究基地
2680,南開大學法學院
2681,南開大學法學院台港澳法研究中心
2682,南陽市人民政府
2683,南僑投資控股股份有限公司
2684,南僑食品集團_上海_股份有限公司
2685,南寧台協
2686,南寧市委
2687,南寧市人民政府台灣事務辦公室
4372,福州市台港澳工作辦公室
2689,南台灣醫療文創觀光樂活聯盟
2690,南瀛國際有限公司
2691,南瀛農產國際行銷股份有限公司
2692,南寶樹脂_中國_有限公司
2693,咸寧台協
2694,品衛無限國際有限公司
2695,哈爾濱工業大學
2696,哈爾濱台協
2697,哈爾濱電氣集團有限公司
2698,台灣城鄉報股份有限公司
2699,奕力科技股份有限公司
2700,姚志勝
2701,姚林榮
2702,姚楚旋
2703,姜杰
2704,姜智堯
2705,姜毅
2706,姜錫東
2707,威京總部集團
2708,威海台協
2709,威望國際
2710,威盛信望愛慈善基金會
2711,威盛電子股份有限公司
2712,威連科技股份有限公司
2713,英國威爾士王子國際商業領袖論壇
2714,威翰文創股份有限公司
2715,宣城台協
2716,宣建生
2717,國台辦宣傳局
2718,宣德科技股份有限公司
2719,屏東科技大學
2720,建勛國際股份有限公司
2721,思高投資股份有限公司
2722,指動傳播科技有限公司
2723,指傳媒報社
2724,政禾生物科技股份有限公司
2725,國立政治大學
2726,政治大學北京校友會
2727,政知局
2728,政衛健康生活事業有限公司
2729,政衛醫院管理顧問有限公司
2730,政龍投資有限公司
2731,北京故宮博物院
2732,施名駿
2733,施君
2734,星空衞視
2735,星悅網路旅行社股份有限公司
2736,星泰國際娛樂股份有限公司
2737,柯文哲
2738,柯玉枝
2739,柯瑞文
2740,泉州台協
2741,泉州市人民政府
2742,泉州輕工職業學院
2743,泉盛生物科技股份有限公司
2744,洛杉基
2745,洛斯可餐飲股份有限公司
2746,洛陽台協
2747,洛陽鎮
2748,洪文正
2749,洪水錦
2750,洪秀柱
2751,洪孟啟
2752,洪基恩
2753,洪善群
2754,洪肇水
2755,珅堡國際股份有限公司
2756,皇甫豔麗
2757,皇冠皮件工業股份有限公司
2758,皇鼎建設開發股份有限公司
2759,眉山市武術協會
2760,看台海
2761,研華股份有限公司
2762,秋記投資開發股份有限公司
2763,科大訊飛股份有限公司
2764,科學城物流股份有限公司
2765,科瀚文化事業股份有限公司
2766,紀志煌
2767,紀欣
2768,紀俊臣
2769,紀斌
2770,紀鋼
2771,約翰康寧
2772,美中公共事務協會
6173,美中科技經濟促進會
2773,美西中國和平統一促進會
2774,美亞柏科信息股份有限公司
2775,美東內蒙古同胞聯誼會
2776,美東華人社團聯合總會
2777,美東台山四九同鄉會
2778,美東廣西青年學友會
2779,美洲中國統一促進會聯合總會
2780,美洲林則徐基金總會
2781,新思國際科技有限公司
2782,美國上海總商會
2783,美國上海聯誼會
2784,美國中華正統基金會
2785,美國中華知青聯合會
2786,美國井美同鄉會
2787,美國加州首府中國和平統一促進會
2788,美國正義警報聯盟
2789,美國多元文化交流協會
2790,美國沖蔞同鄉總會
2791,美國亞裔文化交流總會
2792,美國亞裔社團聯合總會
2793,美國美華友好促進會
6174,美國美華僑聲傳媒
2794,美國香港總商會
2795,美國紐約中美商會
2796,美國紐約北京聯誼會
2797,美國紐約曲藝戲曲藝術家協會
2798,美國紐約皇后畫院
2799,美國紐約台山鄉親會
2800,美國紐約廣府人總會
2801,美國陝西同鄉會
2802,美國馬祖基金會
2803,美國參議院
2804,美國莆仙同鄉會
2805,美國連江二中校友會
2806,美國都斛同鄉總會
2807,美國游子吟合唱團
2808,美國湖南同鄉會
2809,美國湛江華僑聯合總會
2810,美國華人企業家聯合會
2811,美國華人僑胞聯合總會
2812,美國華訊
2813,美國華商總會
2814,美國華盛頓中國和平統一促進會
2815,美國華裔會長聯盟
2816,美國華僑華人社團聯合會
2817,美國雲南商文協會
2818,美國新疆同鄉會
2819,美國僑胞聯合協會
2820,美國福建三山會館
2821,美國福建公所
2822,美國福建同鄉會
2823,美國福建商會
2824,美國福建黃乃裳智庫中心
2825,美國福建僑聯總會
2826,美國福建聯合總會
2827,美國台山成務校友會
2828,美國廣州僑胞聯合會
2829,美國廣西聯合總商會
2830,美國廣東同鄉聯合總會
2831,美國廣東僑社聯合中心
2832,美國廣東僑胞聯合總會
2833,美國龍峰文化基金會
2834,美華總商會
2835,胡天貴
2836,胡有清
2837,胡志強
2838,胡厚崑
2839,胡奕
2840,胡春華
2841,胡軍
2842,胡啟立
2843,胡德夫
2844,胡興華
2845,胡錫進
2846,胡鵑
2847,致福慈善基金會
2848,苗育秀
2849,苗栗縣泰安鄉少數民族交流團
2850,苗豐強
2851,若水堂股份有限公司
2852,若水傳媒有限公司
2853,英國駐華大使館
2854,英華達股份有限公司
2855,英雄兒女品牌聯盟
2856,英屬開曼群島商_ILI_TECHNOLOGY
2857,英屬維京群島商旺普貿易有限公司
2858,茂名台協
2859,茂名市人民政府
2860,茂順投資股份有限公司
2861,范姜鋒
2862,范振坤
2863,范麗青
2864,觔斗雲大車隊股份有限公司
2865,觔斗雲聯網科技股份有限公司
2866,赴台大陸學生聯合會
2867,郁慕明
2868,重慶大學
2869,重慶日報
2870,重慶台協
2871,重慶市台灣同胞聯誼會
2872,重慶市人民政府
2873,重慶市人民政府台灣事務辦公室
2874,重慶市地方史研究會
2875,重慶市岳飛文化交流協會
2876,重慶市社會科學聯合會
2877,重慶市海峽兩岸交流促進會
2878,重慶師範大學
2879,重慶師範大學國際合作與交流處_港澳台辦公室
2880,重慶師範大學新聞與傳媒學院
2881,重慶電子工程職業學院
2882,韋俊賢
2883,韋學良
2884,風向新聞
2885,首鋼集團有限公司
2886,API_HONG_KONG_INVESTMENT_LIMITED_API
2887,香港中評社
2888,香港中評網
2889,香港中聯辦台灣事務部
2890,香港台灣婦女協會
2891,香港交易及結算所有限公司
2892,香港法學交流基金會
2893,香港青年時事評論員協會
2894,香港建設_控股_有限公司
2895,香港島各界聯合會
2896,香港特別行政區全國人民代表大會代表
2897,香港特別行政區政府
2898,香港商大旺水產控股有限公司
2899,香港商旺龍生物科技有限公司
2900,香港商東方海外貨櫃航運公司
2901,香港商果旺農產控股有限公司
2902,香港商滙眾物聯網香港有限公司
2903,香港商華瀾微電子_香港_有限公司
2904,香港商聯滔電子有限公司
2905,香港商駿明數位科技有限公司
2906,香港商駿明數位科技有限公司台灣分公司
2907,香港產學研合作促進會
2908,香港意像架構投資有限公司
2909,香港萬捷旅遊有限公司
2910,香港嘉祥交通_亞洲_集團
2911,鳳凰衛視投資_控股_有限公司
2912,香港論壇
2913,證券及期貨事務監察委員會
2914,倍思投資股份有限公司
2915,倪永傑
2916,倪捷
2917,倪超
2918,凈耀法師
2919,凌友詩
2920,原康創新產業有限公司
2921,原清
2922,原創生醫股份有限公司
2923,唐山台協
2924,唐正瑞
2925,唐永紅
2926,唐季禮
2927,唐彥博
2928,唐浩明
2929,唐湘龍
2930,唐德蓉
2931,夏平
2932,夏立言
2933,夏傑
2934,夏潮基金會
2935,夏瀛洲
2936,夏鑄九
2937,奚國華
2938,孫中山大元帥府紀念館
2939,孫中山基金會
2940,孫中亮
2941,孫升亮
2942,孫文學校南院
2943,孫文學校
2944,孫西忠
2945,孫亞夫
2946,孫其信
2947,孫春蘭
2948,孫國華
2949,孫淩雁
2950,孫運璿
2951,孫德聰
2952,孫曉雲
2953,孫繼正
2954,展昭國際企業股份有限公司
2955,峻興投資股份有限公司
2956,徐大偉
2957,徐小岩
2958,徐正文
2959,徐立毅
2960,徐向前
2961,徐州台協
2962,徐州市人民政府
2963,徐州市人民政府台灣事務辦公室
2964,徐州經濟技術開發區管委會
2965,徐帆
2966,徐沁
2967,徐宗玲
2968,徐宗逸
2969,徐定心
2970,徐直軍
2971,徐威
2972,徐建培
2973,徐春鶯
2974,徐國偉
2975,徐康寧
2976,徐莽
2977,徐博東
2978,徐敦信
2979,徐華
2980,徐會之
2981,徐寧一
2982,徐劉淑媓
2983,徐曉
2984,徐曉全
2985,徐霍成
2986,徐靜蕓
2987,徐濤
2988,徐松華
2989,徐耀昌
2990,徐露穎
2991,恏客飲食文化股份有限公司
2992,悅子閣_上海_健康服務有限公司
2993,悅豐興業股份有限公司
2994,振維電子股份有限公司
2995,晁邦國際商貿有限公司
2996,時報周刊股份有限公司
2997,時報資訊股份有限公司
2998,時報遊留學中心股份有限公司
2999,時新知識開發股份有限公司
3000,時際創意傳媒股份有限公司
3001,時藝多媒體傳播股份有限公司
3002,晉察冀民族抗日研究會
3003,栗戰書
3004,株洲台協
3005,根萊實業有限公司
3006,桂林台協
3007,桂林市人民政府台灣事務辦公室
3008,桃園市新住民文化交流協會
3009,桃農綜合農產品批發市場股份有限公司
3010,桑國衛
3011,殷世熙
3012,殷存毅
3013,泰山風景名勝區管理委員會
3014,泰山景區客運有限公司
3015,泰安山河境股份有限公司
3016,泰安台協
3017,泰安市人民政府
3018,泰安市人民政府台灣事務辦公室
3019,泰安市文化和旅遊局
3020,財團法人泰安旌忠文教公益基金會
3021,泰州台協
3022,泰州市海陵區台灣同胞聯誼會
3023,泰國ASCEND_MONEY
3024,泰國中國和平統一促進會
3025,浙台青年企業家聯盟
3026,浙江大學
3027,浙江大學公共管理學院
3028,浙江省人民政府
3029,浙江省人民政府台灣事務辦公室
3030,浙江省人民政府駐上海辦事處
3031,浙江省工商業聯合會
3032,浙江省文化和旅遊廳
3033,浙江省台灣同胞聯誼會
3034,浙江省政協文化衛生體育委員會
3035,浙江省海峽兩岸經濟文化發展促進會
3036,浙江省海峽兩岸經濟文化發展促進會台商台企專委會
3037,浙江省博物館
3038,國際關係學院杭州校區
3039,浙江傳媒學院
3040,浙江傳媒學院話語與傳播研究中心
3041,浙江廣播電視集團
3042,浦銀國際控股有限公司
3043,浦寶英
3044,浪凡網路科技股份有限公司
3045,浪潮集團
3046,海口台協
3047,海口佳希科技有限公司
3048,海口堅輝禮網絡科技有限公司
3049,海口豐尚數碼科技有限公司
3050,海口鑫工電子有限公司
3051,海西晨報
3052,海峽兩岸關係協會
3053,海昌隱形眼鏡有限公司
3054,海南丹農生物科技有限公司
3055,海南仙盾科技開發有限公司
3056,海南台協
3057,海南彥武科技開發有限公司
3058,海南省人民政府
3059,海南省人民政府台灣事務辦公室
3060,海南省國家安全廳
3061,中共海南省委員會統一戰線工作部
3062,海南科華信息科技有限公司
3063,海南華聯安視智能工程有限公司
3064,海南鼎微數碼科技公司
3065,海南毅立科技有限公司
3066,海南騰遠科技有限公司
3067,海南鑫華恆科技有限公司
3068,海南鑫優盛數碼科技有限公司
3069,海南鑫鑫子數碼科技有限公司
3070,海風出版社有限公司
3071,海宴國際股份有限公司
3072,海峽之聲廣播電台
3073,財團法人海峽交流基金會
3074,海峽兩岸_成都_台北_離岸創新創業基地
3075,海峽兩岸_電視節目
3076,海峽兩岸台粵交流協會
3077,海峽兩岸交流協會
3078,海峽兩岸法學交流促進會
3079,海峽兩岸青年交流協會
3080,海峽兩岸商務協調會
3081,財團法人海峽兩岸商務發展基金會
3082,海峽兩岸國際公關顧問有限公司
3083,海峽兩岸國際醫務管理顧問
3084,海峽兩岸婚姻家庭協會
3085,海峽兩岸婚姻家庭服務中心
3086,海峽兩岸婚姻家庭論壇
3087,海峽兩岸教育交流促進協會
3088,海峽兩岸清明文化論壇
3089,海峽兩岸勞工發展交流協會
3090,海峽兩岸棒球交流合作委員會
3091,海峽兩岸經貿交流協會_海貿會
3092,海峽兩岸農業交流協會
3093,海峽兩岸農業合作試驗區
3094,海峽兩岸暨港澳協同創新聯盟
3095,海峽兩岸學生棒球聯賽
3096,海峽兩岸雜誌社
3097,海峽兩岸關系研究中心
3098,海峽兩岸關係協會駐澳門特別行政區辦事處
3099,海峽兩岸關係法學研究會
3100,海峽城鄉發展基金會
3101,海峽家緣網
3102,海峽連線報導
3103,海峽經濟科技合作中心
3104,海峽衛視
3105,海峽論壇
3106,海峽導報
3107,海康威視
3108,海滄台胞社區
3109,海滄區保生青草藥傳習中心
3110,廈門市海滄區人民政府
3111,海瀾之家股份有限公司
3112,海瀾集團有限公司
3113,涂三廣
3114,涂雄
3115,烏來雲仙樂園股份有限公司
3116,烏來觀光事業股份有限公司
3117,特力和樂股份有限公司
3118,特力股份有限公司
3119,特力屋股份有限公司
3120,特力屋室內裝修設計股份有限公司
3121,特力恩瑞股份有限公司
3122,特欣機電股份有限公司
3123,特家股份有限公司
3124,特斯高股份有限公司
3125,珠海台協
3126,珠海市人民政府
3127,珠海橫琴新區管理委員會
3128,畜牧處_農委會
3129,真晨報業有限公司
3130,祐新環保股份有限公司
3131,神州力翰文創_成都_企業管理諮詢有限公司
3132,神坊資訊股份有限公司
3133,神旺大飯店股份有限公司
3134,神旺投資股份有限公司
3135,神葳科技股份有限公司
3136,秦榮華
3137,秦嶺多媒體傳播股份有限公司
3138,紐約人力資源協會
3139,紐約中國和平統一促進會
3140,紐約中國芭蕾京劇團
3141,紐約中華歌舞團
3142,紐約華人卡車協會
3143,紐約華人總公所
3144,紐約台山僑胞婦女聯合會
3145,紐約台山聯誼會
3146,紐約廣東籍校友會聯誼總會
3147,紘騰國際物流有限公司
3148,翁阿輝
3149,翁朝棟
3150,翁源縣人民政府
3151,翁麗芬
3152,翁鷺青
3153,耿惠昌
3154,脈動國際股份有限公司
3155,荊州台協
3156,荊門台協
3157,蚌埠台協
3158,袁沛野
3159,袁征
3160,袁家軍
3161,訊崴技術有限公司
3162,財團法人中華民國佛教慈濟慈善事業基金會
3163,財團法人中華經濟研究院
3164,財團法人平安信望愛文教基金會
3165,財團法人牧者基金會
3166,財團法人夏潮基金會
3167,財團法人高雄市辜金良文化基金會
3168,財團法人國家政策研究基金會
3169,財團法人國家政策研究基金會財政金融組
3170,財團法人基督教中華信望愛基金會
3171,財團法人婦女權益促進發展基金
3172,財團法人資訊工業策進會
3173,財團法人農業機械化研究發展中心
3174,財團法人嘉義縣新港奉天宮
3175,財團法人彰化縣文化基金會
3176,財團法人臺港經濟文化合作策進會
3177,軒郁國際股份有限公司
3178,郝明金
3179,郝龍斌
3180,陝西省人民政府
3181,陝西省人民政府國有資產監督管理委員會
3182,陝西省人民政府台灣事務辦公室
3183,中國共產黨陝西省委員會
3184,陝西省委外事工作委員會辦公室
3185,中國共產黨陝西省委員會宣傳部
3186,陝西省祭陵辦
3187,馬中雙園經貿協會
3188,馬文君
3189,馬立新
3190,馬光瑜
3191,馬志武
3192,馬來西亞一中促進協會
3193,雪隆海南會館
3194,馬來西亞華人公會
3195,馬英九
3196,馬英九基金會
3197,馬國樑
3198,馬華一帶一路中心
3199,馬詠睿
3200,馬軼群
3201,馬粵
3202,馬萬田
3203,馬頓企業股份有限公司
3204,馬鞍山台協
3205,馬曉光
3206,馬蹄鐵音樂餐廳
3207,高小玫
3208,高友東
3209,高天紅
3210,高孔廉
3211,高文忠
3212,高日佑
3213,高旭
3214,高志偉
3215,高育仁
3216,高明貨櫃碼頭股份有限公司
3217,高朋_上海_律師事務所
3218,高金素梅
3219,高思博
3220,高峰
3221,高振坤
3222,高振傑
3223,高偉
3224,高敏智
3225,高清願
3226,富野大飯店股份有限公司
3227,高翔
3228,高雄大學
3229,高雄市中小企業協會
3230,高雄市中華文化經貿交流發展協會
3231,高雄市文化觀光產業協會
3232,高雄市世貿會展協會
3233,高雄市台海經文交流協會
3234,高雄市兩岸工商事務管協會
3235,高雄市明義社區發展協會
3236,高雄市政府
3237,高雄市政府兩岸小組
3238,高雄市苓雅區田西里
3239,高雄市苓雅區里長聯誼會
6248,陳建安
3240,高雄市財富規劃協會
3241,高雄市菁英飛雁創業育成協會
3242,高雄市新移民社會發展協會
3243,高雄市蓮池潭文化觀光協會
3244,高雄兩岸友好經貿交流協會
3245,高雄科技大學
3246,高雄紅毛港朝天宮
3247,高雄農業開發股份有限公司
3248,高雄醫學大學
3249,高雲龍
3250,高煥利
3251,高瑞翔
3252,高曉兵
3253,凰騰股份有限公司
3254,區光穎
3255,參見莊主
3256,商訊文化事業股份有限公司
3257,商湯科技
3258,國台網開發股份有限公司
3259,國台辦交流局
3260,國台辦法規局
3261,國台辦研究局
3262,國台辦港澳涉台事務局
3263,國台辦新聞局
3264,國台辦經濟局
3265,國台辦聯絡局
3266,中國國民黨大陸事務部
3267,國民黨中央委員會
3268,國民黨全國青年工作總會
3269,國民黨政策委員會
3270,國民黨革命實踐研究院
3271,中國國民黨黃國園黨部
3272,國民黨台商黨代表聯誼會
3273,國立中正大學
3274,國立臺灣大學
3275,國立臺灣科技大學
3276,國立陽明交通大學育成中心
3277,國立成功大學技轉育成中心
3278,國立虎尾科技大學
3279,國立政治大學經濟系
3280,國立故宮博物院
3281,國立高雄科技大學水產養殖系
3282,國立清華大學
3283,國立彰化師範大學
3284,國立臺南第一高級中學
3285,國立臺灣科技大學創新育成中心
3286,國立臺灣體育運動大學
3287,國光生物科技股份有限公司
3288,國投智能科技有限公司
3289,國味堂生技股份有限公司
3290,國度復興報
3291,國星集團有限公司
3292,國研文化傳媒集團股份有限公司
3293,國研智庫
3294,國科微電子股份有限公司
3295,國家大劇院
3296,國家中醫藥管理局
3297,國家公務員局
3298,國家文物局
3299,國家外匯管理局
3300,國家市場監督管理總局
3301,國家石油天然氣管網集團有限公司
3302,國家安全部政治部
3303,國家自然科學基金委員會
3304,國家兩廳院
3305,國家宗教事務局
3306,國家林業和草原局
3307,國家知識產權局
3308,國家知識產權局專利局
3309,國家金融監督管理總局
3310,國家信訪局
3311,國家食品藥品監督管理總局
3312,國家疾病預防控制局
3313,國家能源局
3314,國家能源投資集團有限責任公司
3315,國家國防科技工業局
3316,國家國際發展合作署
3317,國家推進_一帶一路_建設工作領導小組
3318,國家移民管理局
3319,國家統計局
3320,中共國家發展和改革委員會利用外資和境外投資司
3321,國家稅務總局
3322,國家菸草專賣局
3323,國家超級計算天津中心
3324,國家郵政局
3325,國家開發投資集團有限公司
3326,國家開發銀行
3327,國家集成電路產業投資基金
3328,國家新聞出版署_國家版權局
3329,國家農業信貸擔保聯盟有限責任公司
3330,國家電力投資集團有限公司
3331,國家電網有限公司
3332,國家管網集團北京管道公司
3333,國家廣播電視總局
3334,國家廣播電視總局組織機構國際合作司_港澳台辦公室
3336,國家數據局
3337,國家衛生健康委員會保健局
3338,國家衛計委
3339,國家機關事務管理局
3340,國家機關事務管理局機關服務中心
3341,國家融資擔保基金有限責任公司
3342,國家糧食和物資儲備局
3343,國家醫療保障局
3344,國家藥品監督管理局
3345,國家礦山安全監察局
3346,國家鐵路局
3347,國家體育總局
3348,國家體育總局港澳台辦
3349,國泰人壽
3350,國泰金控
3351,國浩律師事務所
3352,國務院
3353,國務院台灣辦公室
3354,國務院扶貧開發領導小組辦公室
3355,國務院研究室
3356,國務院參事室
3357,國務院國有資產監督管理委員會
3358,國務院港澳事務辦公室
3359,國務院發展研究中心
3360,國務院發展研究中心農村經濟研究部
3361,國務院新聞辦公室
3362,國務院僑務辦公室
3363,國務院總理
3364,國喬石油化學股份有限公司
3365,國開金融有限責任公司
3366,國會友好小組
3367,國睿科技股份有限公司
3368,國台辦海峽經濟科技合作中心
3369,國賓影城股份有限公司
3370,國際合作與交流司_港澳台辦公室
3371,國際同濟會中華民國總會
3372,國際佛光會中華總會
3373,國際青商會中華民國總會
3374,國際崇她社
3375,國際數據_中國_投資有限公司
3376,國際關係學院
3377,國際蘭馨交流協會中華民國總會
3378,基督教今日報
3379,慕主先鋒教會
3380,基督教論壇報
3381,婁勤儉
3382,宿遷台協
3383,寇紹恩
3384,崇越科技股份有限公司
3385,昆山台灣同胞投資企業協會
3386,崔中
3387,崔世昌
3388,崔茂虎
3389,常文光
3390,常民建築X謝英俊建築師事務所
3391,常州市博瀚教育咨詢有限公司
3392,常州祥明智能動力股份有限公司
3393,常州輕工職業技術學院
3394,常金海
3395,常德市人民政府
3396,常德龍弟源養老服務有限公司
3397,常熟台協
3398,康師傅私房牛肉麵
3399,康師傅控股有限公司
3400,康曉萍
3401,康聯生醫科技股份有限公司
3402,張小英
3403,張五岳
3404,張少康
3405,張文生
3406,張世宏
3407,張平
3408,張平沼
3409,張永成
3410,張如君
3411,張安樂
3412,張弛
3413,張江汀
3414,張百良
3415,張伯軍
3416,張佐民
3417,張克輝
3418,張希清
3419,張志軍
3420,張杉
3421,張秀琬
3422,張育達
3423,張亞中
3424,張放
3425,張明霞
3426,張欣頤
3427,張武軍
3428,張治禮
3429,張冠華
3430,張勁
3431,張勇
3432,張昱珍
3433,張為
3434,張茂松
3435,張衍義
3436,張家界台協
3437,張家祝
3438,張家港台協
3439,張家豪
3440,張席維
3441,張恩迪
3442,張振華
3443,張啟明
3444,張國正
3445,張國君
3446,張婉柔
3447,張婭玲
3448,張彬
3449,張捷翔
3450,張添唐
3451,張雪燕
3452,張富順
3453,張惠閔
3454,張華
3455,張雄
3456,張雅萍
3457,張瑋
3458,張萬明
3459,張雷明
3460,張嘉郡
3461,張嘉極
3462,張寧
3463,張榮味
3464,張榮發
3465,張碩秋
3466,張維為
3467,張鳴起
3468,張德暐
3469,張慶成
3470,張毅
3471,張輝
3472,張黎宏
3473,張曉東
3474,張澤熙
3475,張錦明
3476,張鴻銘
3477,張簡珍
3478,張鎔麒
3479,張馥堂
3480,張麗善
3481,張嚴文
3482,張顯耀
3483,得意國際廣告股份有限公司
3484,中央軍委聯合參謀部情報局
3485,戚嘉林
3486,捷芯科技_合肥_有限公司
3487,捷泰精密工業股份有限公司
3488,敏實集團
3489,中國青年救國團
3490,全國人大教育科學文化衛生委員會
3491,教育部中外語言交流合作中心
3492,教育部職業技術教育中心研究所
3493,晨星半導體股份有限公司
3494,晨曦智聯有限公司
3495,曹放
3496,曹秋元
3497,曹原彰
3498,曹達華
3499,曹靖
3500,曹德興
3501,梁成運
3502,梁志強
3503,梁志祥
3504,梁保華
3505,梁冠軍
3506,梁振英
3507,梁祖維
3508,梁秦龍
3509,梁偉新
3510,梁群
3511,梁義大
3512,梁榮生
3513,梅州台協
3514,梅州市委台港澳工作辦公室
3515,梧州台協
3516,梨視頻
3517,涵碧樓大飯店股份有限公司
3518,涼山彝族自治州人民政府
3519,淄博台協
3520,淡江大學
3521,淡江大學大陸研究所
3522,淩友詩
3523,淩星光
3524,淮安台協
3525,深圳台協
3526,深圳市人民政府
3527,深圳市人民政府台灣事務辦公室
3528,深圳市人民政府國有資產監督管理委員會
3529,中共深圳市委員會統一戰線工作部
3530,深圳市招廣投資有限公司
3531,深圳市政協
3532,深圳市炬神電子有限公司
3533,深圳明德控股發展有限公司
3534,深圳廣播電影電視集團_國際_有限公司
3535,深圳衛視
3536,淳園餐旅事業有限公司
3537,清華大學法學院
3538,清華科技園
3539,清華大學英雄文化基金
3540,清華大學校友會
3541,清華海峽研究院
3542,清遠台協
3543,清遠市台港澳工作辦公室
3544,畢無量
3545,盛九元
3546,盛年投資股份有限公司
3547,竟衡集團
3548,章容甄
3549,章啟忠
3550,符之冠
3551,第一財經
3552,第三勢力團結聯盟
3553,紹源股份有限公司
3554,紹興台協
3555,統一企業
3556,統一企業股份有限公司
3557,統一商貿_昆山_有限公司
4529,統一綜合證券股份有限公司
3559,統營營造股份有限公司
3560,莆田台協
3561,莆田市人民代表大會常務委員會
3562,莆田市委宣傳部
3563,莆田市湄洲島黨部
3564,莆田市湄洲媽祖祖廟董事會
3565,莊久毅
3566,莊光明
3567,莊桓漳
3568,莊浩
3569,莊進榮
3570,莊瑞容
3571,莊稼漢
3572,許水樹
3573,許永傳
3574,許玉香
3575,許利雄
3576,許沛
3577,許昆林
3578,許信湧
3579,許勇鐵
3580,許哲賓
3581,許家修
3582,許敘銘
3583,許勝雄
3584,許惠鈞
3585,許斌
3586,許進
3587,許進_許甦魂
3588,許雅筑
3589,許嘉璐
3590,許榮淑
3591,許蓓齡
3592,許璋瑤
3593,許歷農
3594,速快輸出股份有限公司
3595,連介德
3596,連江口鎮連樟村
3597,連江縣自來水廠
3598,連江縣財政局
3599,連昆崙
3600,連信投資股份有限公司
3601,連泰瑞
3602,連崑崙
3603,連勝文
3604,連雲港台協
3605,連戰
3606,郭山輝
3607,郭元強
3608,郭台強
3609,郭台銘
3610,郭弘揚
3611,郭屹凡
3612,郭金龍
3613,郭建志
3614,郭海南
3615,郭國民
3616,郭崇志
3617,郭雪筠
3618,郭寧寧
3619,郭廣昌
3620,郴州市人民政府
3621,郴州市台協
3622,郴州高新技術開發區管理委員會
3623,都江堰頂新新建小學
3624,釣魚台國賓館管理局
3625,陰和俊
3626,陳一新
3627,陳士良
3628,陳子云
3629,陳小兵
3630,陳小艷
3631,陳中和
3632,陳之漢_館長
3633,陳元豐
3634,陳天慶
3635,陳文成
3636,陳文欽
3637,陳文琦
3638,陳文華
3639,陳世志
3640,陳世偉
3641,陳平原
3642,陳正文
3643,陳永裕
3644,陳玉珍
3645,陳玉樹
3646,陳先才
3647,陳光恩
3648,陳光耀
3649,陳全
3650,陳安誠
3651,陳至立
3652,陳孝忠
3653,陳宏凱
3654,陳廷寵
3655,陳志宏
3656,陳志勇
3657,陳志豪
3658,陳良沛
3659,陳坤生
3660,陳忠和
3661,陳昌智
3662,陳昌義
3663,陳明哲
3664,陳明通
3665,陳知庶
3666,陳竺
3667,陳金虎
3668,陳金彪
3669,陳長江
3670,陳青海
3671,陳俊宇
3672,陳俊驄
3673,陳保基
3674,陳勇仲
3675,陳奕廷
3676,陳建良
3677,陳建華
3678,陳建萍
3679,陳思寬
3680,陳恬璧
3681,陳映延
3682,陳春明
3683,陳春聲
3684,陳昭文
3685,陳柏光
3686,陳炳宏
3687,陳炳炎
3688,陳玲
3689,陳秋平
3690,陳秋雄
3691,陳軍
3692,陳飛
3693,陳哲郎
3694,陳振一
3695,陳桂清
3696,陳神民
3697,陳耕
3698,陳偉
3699,陳國軍
3700,陳國慶
3701,陳國龍
3702,陳淑珠
3703,陳添枝
3704,陳清海
3705,陳通
3706,陳斐斐
3707,陳湘鐘
3708,陳紫萱
3709,陳菁徽
3710,陳華全
3711,陳逸舟
3712,陳雲林
3713,陳雲英
3714,陳瑞隆
3715,陳義成
3716,陳聖浩
3717,陳達雲
3718,陳榮傑
3719,陳福坡
3720,陳福海
3721,陳福裕
3722,陳德門博彥
3723,陳德銘
3724,陳潤兒
3725,陳衛東
3726,陳賡
3727,陳輝鴻
3728,陳曉凡
3729,陳曉光
3730,陳澤廣
3731,陳靜怡
3732,陳霞雲
3733,陳璸故居
3734,陳麗淩
3735,陶台寶
3736,陶智
3737,陶園
3738,陶駿
3739,陸文宇
3740,陸波
3741,陸青江
3742,陸炳文
3743,陸遠權
3744,頂立開發實業股份有限公司
3745,頂伸貿易股份有限公司
3746,頂佳開發股份有限公司
3747,頂悅開發股份有限公司
3748,頂新公益基金會
3749,頂新和德文教基金會
3750,頂新國際集團
3751,鹿心社
3752,鹿耳門聖母廟
6249,黃玲
3753,鹿港天后宮
3754,鹿澤國際開發股份有限公司
3755,鹿嶺科技股份有限公司
3756,傅泉勝
3757,傅健慈
3758,傅崐萁
3759,傅盛
3760,傅華
3761,傅瑩
3762,廣州傑賽科技股份有限公司
3763,凱基商業銀行股份有限公司
3764,創育科學有限公司
3765,創泓科技股份有限公司
3766,創發信息科技_蘇州_有限公司
3767,創新藝人經紀公司
3768,勝棠國際股份有限公司
3769,勞動人權協會
3770,勞動黨_臺灣
3771,博鉅行銷股份有限公司
3772,喜樂城靈糧堂
3773,喬雷
3774,富士康_煙台_科技工業園
3775,鴻海科技集團
3776,富仕宇股份有限公司
3777,富邦金控
3778,富邦華一銀行
3779,富邦華一銀行有限公司南京分行
3780,富邦集團
3781,富佳生技股份有限公司
3782,富信大飯店股份有限公司
3783,富凰實業股份有限公司
3784,富港電子
3785,富瑞國際投資股份有限公司
3786,富鉅科技股份有限公司
3787,嵐台企聯會
3788,廊坊台協
3789,彭玉滿
3790,彭宏達
3791,彭佳學
3792,彭夏強
3793,彭博社
3794,彭維學
3795,彭廣正
3796,彭慶恩
3797,彭双浪
3798,彭蘇進
3799,復旦大學
3800,復旦大學中國研究院
3801,復旦大學外國語言文學學院
3802,惠水縣人民政府
3803,惠安縣人民政府
3804,惠州台協
3805,惠建林
3806,惠楊
3807,揚州台協
3808,揚州冶春茶社
3809,揚州京國實業有限公司
3810,揚悅旅館股份有限公司
3811,揭陽台協
3812,敦煌研究院
3813,斯米克美加集團
3814,普思投資股份有限公司
3815,普華永道會計師事務所
3816,景德鎮台協
3817,晶祈生技股份有限公司
3818,智仁科技開發股份有限公司
3819,智鈊科技有限公司
3820,智路資本
3821,智醫健康股份有限公司
3822,曾力群
3823,曾文培
3824,曾仕強
3825,曾永權
3826,曾于庭
3827,曾培炎
3828,曾盛海
3829,曾欽照
3830,曾雅琦
3831,曾寧旖
3832,曾銘宗
3833,曾魯台
3834,曾憲章
3835,曾獻瑩
3836,最高人民法院政治部
3837,最高人民檢察院政治部
3838,棉花田生機園地股份有限公司
3839,棉花田有機農場股份有限公司
3840,棗莊台協
3841,棗莊市人民政府
3842,棨鴻輪船股份有限公司
3843,森田藥粧
3844,森岳傳播股份有限公司
3845,森森百貨股份有限公司
3846,温州市人民政府
3847,港區全國政協委員
3848,港澳台統戰工作局
3849,港澳台灣同鄉會
3850,港澳台灣慈善基金會
3851,港澳各界台商鄉僑造勢團
3852,游信義
3853,游勝鈞
3854,湄洲媽祖祖廟
3855,湄洲媽祖祖廟董事會
3856,湖北省台灣同胞聯誼會
3857,湖北省人民代表大會
3858,湖北省人民政府
3859,湖北省人民政府台灣事務辦公室
3860,湖北省文化和旅遊廳
3861,湖北省炎黃文化研究會
3862,湖北省青年聯合會
3863,湖北省海峽兩岸交流促進會
3864,湖州台協
3865,湖南岳麓書社有限責任公司
3866,湖南炬神電子有限公司
3867,湖南省人民政府
3868,湖南省人民政府台灣事務辦公室
3869,湖南省台聯
3870,湖南省台灣同胞聯誼會
3871,湖南省民政廳
3872,湖南廣播影視集團_湖南廣播電視臺
3873,湛江台協
3874,湛江市委
3875,湛江市人民政府
3876,湛江市規劃展覽館
3877,湛秀英
3878,湯惠美
3879,湯麟華
3880,無錫台協
3881,無錫市台聯
3882,無黨團結聯盟
3883,焦子頤
3884,焦佑倫
3885,焦廷標
3886,焦龍
3887,登堤斯特管理顧問股份有限公司
3888,程瀚科技股份有限公司
3889,童兆勤
3890,紫光集團有限公司
3891,紫荊文化集團有限公司
3892,翔生大地農業科技有限公司
3893,翔生集團
3894,翔特國際窗飾股份有限公司
3895,菏澤台協
3896,菏澤嘉宏脫水食品有限公司
3897,華人文化產業投資基金
3898,華人文化集團
3899,華大半導體有限公司
3900,華中科技大學
3901,華中科技大學科技園
3902,華中師範大學
3903,華中師範大學台灣與東亞研究中心
3904,華中師範大學台灣與東亞研究中心學術委員會
3905,華文國際企業有限公司
3906,華民通訊社
3907,華孚科技股份有限公司
3908,華岡集團
3909,華東臺商子女學校
3910,華東政法大學
3911,華東師範大學
3912,華東師範大學法學院
3913,華東電腦
3915,華芝堂生醫科技股份有限公司
3916,華為技術有限公司
3917,華夏大地旅行社有限公司
3918,華夏大地有限公司
3919,華夏文化傳播有限公司
3920,華夏政略研究會
3921,華夏茶坊有限公司
3922,華夏經緯信息科技有限公司
3923,華夏經緯網
3924,華偉漁業股份有限公司
3925,華盛頓_美京_中國統一促進會
3926,華新麗華股份有限公司
3927,華聖國際物流股份有限公司
3928,華僑協會總會
3929,全國人大華僑委員會
3930,華僑城集團有限公司
3931,華碩雲端股份有限公司
3932,華聚產業共同標準推動基金會
3933,華潤_集團_有限公司
3934,華興經濟諮詢服務中心
3935,華靜
3936,華燦工場_成都空間
3937,華燦工場創業投資股份有限公司
3938,華藝出版社
3939,菲律賓中國和平統一促進會
3940,覃偉
3941,詠統生物科技股份有限公司
3942,貴州省人民政府
3943,貴州省人民政府台灣事務辦公室
3944,貴州省台灣同胞聯誼會
3945,貴州省民族宗教事務委員會
3946,貴陽台協
3947,費宗浩
3948,賀定一
3949,賀樺
3950,越南翔茂企業有限公司
3951,辜振甫
3952,辜勝阻
3953,鄆城宋江武術學校
3954,鄉林百貨股份有限公司
3955,鄉林房屋仲介股份有限公司
3956,鄉林建設事業股份有限公司
3957,鈕則勳
3958,鈞正平工作室
3959,陽江台協
3960,陽江市江城區政府
3961,陽江市委
3962,陽江市人民政府
3963,陽江濱海新區
3964,陽信商業銀行股份有限公司
3965,陽程光電股份有限公司
3966,陽程科技股份有限公司
3967,隆國強
3968,隋雲鵬
3969,雁博青年創業家協會
3970,集禾藝術股份有限公司
3971,雲林張家
3972,雲林縣斗六市五路財神宮
3973,雲林縣北港鎮太子宮
3974,雲林縣北港鎮北壇碧水寺
3975,雲林縣北港鎮朝天宮
3976,雲南省台灣同胞聯誼會
3977,雲南台灣研究院
3978,雲南秀海生物科技有限公司
3979,雲南省人民代表大會常務委員會
3980,雲南省人民政府
3981,雲南省人民政府台灣事務辦公室
3982,雲南省社科院
3983,雲南省海峽兩岸交流促進會
3984,雲派科技
3985,雲浮台協
3986,雲曜股份有限公司
3987,順德台協
3988,順豐控股股份公司
3989,順豐速運
3990,馮丹藜
3991,馮志農
3992,馮昌國
3993,馮波
3994,馮涵瑛
3995,馮霞
3996,黃一成
3997,黃山內
3998,黃文濤
3999,黃台英
4000,黃平
4001,黃石台協
4002,黃兆芬
4003,黃志斌
4004,黃志賢
4005,黃岡台協
4006,黃幸強
4007,黃武
4008,黃花崗七十二烈士墓園
4009,黃勇
4010,黃昭順
4011,黃柏鈴
4012,黃茂雄
4013,黃茂興
4014,黃埔軍校同學會
4015,黃埔軍校舊址紀念館
4017,黃耿城
4018,黃崇仁
4019,黃敏惠
4020,黃清一
4021,黃清賢
4022,黃連星
4023,黃智賢
4024,黃植誠
4025,黃紫玉
4026,黃愷嘉
4027,黃暐瀚
4028,黃毓龍
4029,黃經堯
4030,黃義雄
4031,黃聖志
4032,黃裕盛
4033,黃道年
4034,黃鉉泓
4035,黃嘉樹
4036,黃寧生
4037,黃榮護
4038,黃曉東
4039,黃曉薇
4040,黃樹賢
4041,黃松堅
4042,黃松雄
4043,黃議正
4044,黃馨瑩
4045,黃躍金
4046,黑力
4047,黑皮家股份有限公司
4048,黑劍電視節目製作股份有限公司
4049,黑龍江省人民政府台灣事務辦公室
4050,勤友企業股份有限公司
4051,勤彭蓁
4052,勤榮輝
4053,匯流傳媒有限公司
4054,匯益投顧有限公司
4055,嵩口古鎮
4056,幹部培訓中心
4057,廈大台研院戰略與安全研究中心
4058,廈門大學台灣研究中心
4059,廈門大學台灣研究院
4060,廈門大學兩岸關係和平發展協創中心
4061,廈門大學台灣研究院戰略與安全研究中心
4062,廈大台灣研究院
4063,廈門_集美_閩臺研學旅行基地
4064,福建省委台港澳工作辦公室
4065,廈門大學
4066,廈門大學公共事務學院政治學系
4067,廈門大學新聞傳播學院
4068,廈門日報
4069,廈門火炬高技術產業開發區
4070,廈門台協
4071,廈門市台灣同胞聯誼會
4072,廈門市人民政府
4073,廈門市人民政府國有資產監督管理委員會
4074,廈門市人民政府辦公廳
4075,廈門市工業和信息化局
4076,廈門市中華職業教育社
4077,廈門市互聯網域名應用服務產業協會
4078,廈門市文化和旅遊局
4079,廈門市人民政府台灣事務辦公室
4080,廈門市台灣學會
4081,廈門市司法局
4082,廈門市民政局
4083,廈門市地方金融監督管理局
4084,廈門市委台灣工作辦公室
4085,中共廈門市委員會統一戰線工作部
4086,廈門市保險行業協會
4087,廈門市思明區人民政府
4088,廈門市海峽兩岸婚姻家庭服務中心
4089,海滄區
4090,廈門市海滄區台港澳工作辦公室
4091,廈門市海滄區海滄街道青礁村
4092,廈門市財政局
4093,廈門婦聯
4094,廈門市博物館
4095,廈門市發展和改革委員會
4096,廈門市發展研究中心
4097,中共廈門市集美區委員會
4098,廈門市集美區人民政府
4099,廈門市經濟學會
4100,廈門市歸國華僑聯合會
4101,廈門市台協
4102,廈門市銀行業協會
4103,廈門市閩南文化研究會
4104,廈門石室禪院
4105,廈門虎劍文化傳播有限公司
4106,廈門金圓產業發展有限公司
4107,廈門長庚醫院有限公司
4108,廈門南洋職業學院
4109,廈門建發集團有限公司
4110,廈門胡里山炮台
4111,廈門海旅海安服務有限公司
4112,廈門海滄台商投資區管委會
4113,廈門納網科技股份有限公司
4114,廈門航空
4115,廈門高新技術創業中心有限公司
4116,廈門啟達海峽雙創基地
4117,廈門啟達創業科技服務有限公司
4118,廈門國有資本資產管理有限公司
4119,廈門國有資本運營有限責任公司
4120,廈門國家會計學院
4121,廈門翔安機場投資建設有限公司
4122,廈門翔業集團有限公司
4123,廈門經濟特區金融學會
4124,廈門台商會館
4125,廈門銀行股份有限公司
4126,廈門廣播電視集團
4127,廈門衛視
4128,廈門證券期貨業協會
4129,廈門數據海峽研究中心
4130,微信
4131,兩岸青年_微信公眾平台
4132,愛因司坦金融科技股份有限公司
4133,愛志旺股份有限公司
4134,愛奇藝
4135,愛音斯坦FM
4136,愛音斯坦FM台灣站
4137,愛音斯坦文化傳播股份有限公司
4138,愛評網
4139,愛德基金會
4140,愛潑斯坦
4141,慈善新聞報
4142,慈濟大學人文社會學院
4143,新中華兒女學會
4144,新天母開發股份有限公司
4145,新加坡商競舞電競有限公司
4146,新加坡商歡樂蝦皮拍賣有限公司
4147,新北市板橋區廣和福德宮
4148,新北市政府
4149,新北市政府觀光旅遊局
4150,新北市蘆洲區祐玄宮
4151,新合作商貿連鎖集團有限公司
4152,新同盟會
4153,新住民獅子會
4154,新店行道會
4155,新思投資股份有限公司
4156,新時代智庫
4157,新浪微博_北京微夢創科網路技術有限公司
4158,新港西福安宮
4159,新絲路模特兒經紀股份有限公司
4160,新華通訊社
4161,新華網
4162,新華網融媒體產品創新中心
4163,新鉅科技股份有限公司
4164,新澤西中國和平統一促進會
4165,新澤西州老朋友藝術團
4166,新澤西華人社團聯席會
4167,新興際華集團有限公司
4168,新鮪豐貿易股份有限公司
4169,新疆維吾爾自治區人民政府台灣事務辦公室宣傳聯絡處
4170,新疆生產建設兵團
4171,新疆維吾爾自治區人民政府
4172,新疆維吾爾自治區人民政府台灣事務辦公室
4173,新耀生技投資股份有限公司
4174,新黨
4175,新黨新思維中心
4176,楊永民
4177,楊立昌
4178,楊旭
4179,楊百亮
4180,楊克儉
4181,楊志良
4182,楊亞林
4183,楊岳
4184,楊明杰
4185,楊明傑
4186,楊林波
4187,楊知評
4188,楊俊毅
4189,楊勇
4190,楊品正
4191,楊品驊
4192,楊幽燕
4193,楊建新
4194,楊哲安
4195,楊留星
4196,楊荊生
4197,楊健
4198,楊國樑
4199,楊盛昱
4200,楊紹明
4201,楊莉
4202,楊傑
4203,楊智耀
4204,楊渡
4205,楊舒
4206,楊超閎
4207,楊開煌
4208,楊寧亞
4209,楊德睿
4210,楊毅周
4211,楊毅週
4212,楊潔篪
4213,楊賢金
4214,楊學兵
4215,楊憲法
4216,楊曉紅
4217,楊鎮浯
4218,楠峰投資股份有限公司
4219,楠溪江
4220,源熠食品股份有限公司
4221,溫州台協
4222,溫州台灣青年創業就業服務中心
4223,溫景軍
4224,溫鐵軍
4225,溯洄_上海_設計諮詢有限公司
4226,滁州台協
4227,煙台台協
4228,煙台台華食品實業有限公司
4229,煙台市人民政府
4230,煙台市人民政府台港澳事務辦公室
4231,煙台華新不銹鋼有限公司
4232,煙台市天后行宮
4233,瑞索_北京_計算機網絡科技有限公司
4234,瑞儀光電_蘇州_有限公司
4235,群創光電股份有限公司
4236,群聯電子股份有限公司
4237,義烏台協
4238,聖地亞哥中國統一促進會
4239,聖約翰科技大學
4240,騰訊控股有限公司
4241,萬立駿
4242,萬科集團
4243,萬鄂湘
4244,萬澤剛
4245,萬鋼
4246,葉小鋼
4247,葉匡時
4248,葉克冬
4249,葉金川
4250,葉青
4251,葉青林
4252,葉俊傑
4253,葉勇豪
4254,葉建明
4255,葉春榮
4256,葉飛呈
4257,葉班長工作室
4258,葉國謙
4259,葉惠青
4260,葉惠麗
4261,葉皓康
4262,葉聖陶研究會
4263,葉鳴
4264,董良瀚
4265,董拔萃
4266,裕鼎實業股份有限公司
4267,裕鴻盛國際股份有限公司
4268,裘援平
4269,解放軍報
4270,解放軍報社
4271,解卿
4272,詹孔朝
4273,詹春柏
4274,詹啟賢
4275,詹陸銘
4276,路孔明
4277,農田水利人力發展中心
4278,農業農村部辦公廳_對台灣農業事務辦公室
4279,農業農村部對台灣農業事務辦公室
4280,全國人大農業與農村委員會
4281,遂寧台協
4282,遊勝鈞
4283,達仁生技股份有限公司
4284,達拉斯中國和平統一促進會
4285,達明機器_東莞_有限公司
4286,鄒振球
4287,鄒凱
4288,鄒德軍
4289,雷州市人民政府
4290,雷希穎
4291,雷軍
4292,雷倩
4293,雷獻禾
4294,電視廣播有限公司
4295,頓世新
4296,鼎元國際投資股份有限公司
4297,鼎正投資股份有限公司
4298,鼎林投資開發股份有限公司
4299,鼎林國際企業股份有限公司
4300,僑聯總會
4301,僑鴻國際開發股份有限公司
4302,兢揚藝術科技中心
4303,嗶哩嗶哩彈幕網_BILIBILI_B站
4304,嘉里大榮物流股份有限公司
4305,嘉里物流聯網有限公司
4306,嘉善縣台協
4307,嘉義縣明華社區發展協會
6250,張勁秋
6251,張晨光
4308,嘉興台協
4309,團結報社
4310,寧吉喆
4311,寧波大學
4312,寧波大學醫學院
4313,寧波台協
4314,寧波市人民政府
4315,中共寧波市委員會
4316,中共寧波市委員會統一戰線工作部
4317,寧波市醫療中心李惠利醫院
4318,寧夏回族自治區人民政府台灣事務辦公室
4319,寧夏涇源縣
4320,寧德市人民政府
4321,古田臨水祖宮
4322,幣誠有限公司
4323,廖正井
4324,廖伯熙
4325,廖海鷹
4326,廖國棟
4327,廖國勳
4328,廖鳳彬
4329,廖慶富
4330,廖麗生
4331,彰化師範大學國際暨兩岸事務處
4332,彰武縣人民政府
4333,旗津天聖宮
4334,榮成紙業股份有限公司
4335,榮基國際_香港_有限公司
4336,滬士電子股份有限公司
4337,滴滴出行
4338,滿宏衛
4339,漢昕有限公司
4340,漢威管理顧問有限公司
4341,漢唐集成股份有限公司
4342,漢理資本
4343,漯河台協
4344,漳平市台灣同胞聯誼會
4345,漳平市人民政府
4346,漳州台協
4347,漳州市人民政府
4348,福建漳州市台灣同胞聯誼會
4349,熊建平
4350,爾肯江吐拉洪
4351,甄傑
4352,瘋狂家族旅行社有限公司
4353,全國人大監察和司法委員會
4354,睿田生技股份有限公司
4355,睿宏醫聯股份有限公司
4356,睿辰數位文創股份有限公司
4357,睿能資訊股份有限公司
4358,睿軒檢驗科技股份有限公司
4359,睿健生技股份有限公司
4360,睿傳數據股份有限公司
4361,睿綸生技股份有限公司
4362,睿濱科技股份有限公司
4363,睿騰投資管理顧問股份有限公司
4364,福山天后宮
4365,福立旺精密機電_中國_股份有限公司
4366,福安健康股份有限公司
4368,福州台協
4369,福州市人民政府
4370,福州市人民政府國有資產監督管理委員會
4371,福州市水務投資發展有限公司
4373,福州市青年創業促進會
4374,福州市倉山區人民政府
4375,福州市連江海峽水業有限公司
4376,福州市台胞投資企業協會
4377,福州市職業技能鑑定指導中心
4378,福州海峽水業有限公司
4379,福州國有資本投資運營集團有限公司
4380,福州福清台灣農民創業園管委會
4381,福克斯媒體股份有限公司
4382,福坤龍
4383,福建日報報業集團
4384,福建江夏學院
4385,福建自貿區綜合研究院
4386,福建自貿試驗區
4387,福建東南衛視
4388,福建社會科學院
4389,福建省人力資源和社會保障廳
4390,福建省人大常委會法工委
4391,福建省人民代表大會常務委員會
4392,福建省人民政府
4393,福建省人民政府國有資產監督管理委員會
4394,福建省人民政府發展研究中心
4395,福建省人民調解員協會
4396,福建省工商業聯合會
4397,福建省中華職業教育社
4398,福建省文化和旅遊廳
4399,福建省文物局
4400,福建省水利投資開發集團有限公司
4401,福建省水利廳
4402,福建省水務發展集團有限公司
4403,福建省水務發展集團廈門水業有限公司
4404,福建省台港澳事務辦公室
4405,福建省台盟
4406,福建省台灣同胞聯誼會
4407,福建省平潭綜合實驗區
4408,福建省投資開發集團有限責任公司
4410,福建省委組織部
4411,福建省青年聯合會
4412,福建省政協港澳台僑和外事委員會
4413,福建省政府新聞辦公室
4414,福建省科學技術協會
4415,福建省紅十字會
4416,福建省美容化粧品產業商會
4417,福建省晉江市供水有限公司
4418,福建省婦女聯合會
4419,福建省連江縣國有資產投資運營有限公司
4420,福建省新聞出版廣電局
4421,福建省農村信用社聯合社
4422,福建省道教協會
4423,福建省電子信息_集團_有限責任公司
4424,福建省電子信息產業股權投資管理有限公司
4425,福建省電子信息產業創業投資合伙企業
4426,福建省電影局
4427,福建省歸國華僑聯合會
4428,福建省寧德市
4429,福建省人民政府台灣事務辦公室
4430,福建省廣播電視局
4431,福建省廣播影視集團
4432,福建省德化縣龍民陶瓷研究所
4433,福建省總工會
4434,福建師範大學
4435,福建師範大學文學院
4436,福建師範大學海峽兩岸文化發展協同創新中心
4437,福建晉金供水有限公司
4438,福建捷聯電子有限公司
4439,福容大飯店股份有限公司
4440,福清台協
4441,福廈泉國家自主創新示範區
4442,福爾仕自動化工程股份有限公司
4443,福爾摩沙時報
4444,福德健康股份有限公司
4445,精英投資股份有限公司
4446,精誠資訊股份有限公司
4447,維仁國際股份有限公司
4448,維信開發股份有限公司
4449,維誠投資股份有限公司
4450,維農貿易有限公司
4451,維德開發股份有限公司
4452,網投中文_北京_科技有限公司
4453,網龍網絡有限公司
4454,網龍台灣青年就業創業基地
4455,綿竹富新二小
4456,綿陽台協
4457,綿陽市人民代表大會常務委員會
4458,綿陽市人民政府
4459,綿陽市北川縣地震遺址保護區
4460,翟所領
4461,聚豪天下集團_控股_有限公司
4462,肇慶台協
4463,臺大城鄉所
4464,台山端芬成務學校校友會
4466,臺北大學
4467,台北大學政治經濟研究中心
4468,台北山東同鄉聯誼會
6252,姬天語
4472,臺北市家長會長協會
108,台北好康報抱優客工場
4475,台北海洋科技大學
4476,台北雲南同鄉會
4477,台北農產運銷股份有限公司
4478,台州市人民政府
4479,台州台協
4480,台南市政府
4481,台南市海峽兩岸交流協會
4482,臺南縣政府
4483,中央廣播電視總台台海之聲
4484,台灣塑膠工業股份有限公司
4485,台灣民主自治同盟_臺盟
4486,台灣民主自治同盟北京市東城區委
4487,台灣民主自治同盟南京市委玄武支部
4488,台灣民主自治同盟深圳市委員會
4489,台資銀行大陸從業人員交流協會
4490,台農業産業交流推介會
4491,台翰精密科技股份有限公司
4492,台聲_雜誌
4494,台灣人民報
4495,國立臺灣大學實習基地
4496,台灣中國夢促進會_含青年團
4497,台灣中華天師道教總會
4498,台灣中華文化總會
4499,台灣中華新文化發展協會
4500,台灣中評網
4501,台灣文學藝術界聯合會
4502,台灣王氏宗親會
4503,台灣民主自治同盟海南省委員會
4504,台灣民俗文物協會
4505,台灣永生細胞股份有限公司
4506,台灣生物機電學會
4507,台灣好報
4508,台灣好報社
4509,臺灣安全中藥管理資訊聯合會
4510,台灣百度人力資源管理顧問
4511,中華民國私立大學校院協進會
4512,台灣兩岸金蘭協會
4513,台灣兩岸醫療事務交流協會
4514,台灣東方海外股份有限公司
4515,台灣法律教育推廣協會
4516,台灣矽科宏晟科技股份有限公司
4517,台灣社區產業發展協會
4518,台灣花蓮縣海峽兩岸少數民族交流協會
4519,國立屏東大學
4520,台灣省地方文化研究學會
4521,臺灣省諮議會
4522,台灣科學志工團協會
4523,風雲論壇有限公司
4524,台灣原住民族人力資源管理顧問有限公司
4525,孫文南院
4526,桂冠實業股份有限公司
4527,國際同濟會台灣_茶祖會
4528,台灣婦女團體全國聯合會
4530,台灣傑出農業專家發展協會
4532,台灣紫牛創業協會
4533,台灣華報
4534,台灣雲林農產物流中心股份有限公司
4535,台灣新生黨_中華慈悲忠義黨
5176,台灣新創企業活動通
4536,台灣會館
4537,財團法人農村發展基金會
4538,台灣農業技術交流協會
4539,台灣農業資訊科技發展協會
4540,臺灣漁業永續發展協會
4541,財團法人黎明技術學院
4542,臺灣導報
4543,台灣競爭力論壇
4544,裴金佳
4545,褚靜濤
4546,賓州中國和平統一促進會
4547,趙天麟
4548,趙少康
4549,趙少華
4550,趙世慶
4551,趙宇
4552,趙宇敏
4553,趙長保
4554,趙建民
4555,趙建國
4556,趙春山
4557,趙苡甯
4558,趙琴香
4559,趙德潤
4560,趙樂際
4561,趙衛平
4562,趙學敏
4563,趙燕菁
4564,趙靜
4565,遠見雜誌
4566,遠東集團
4567,遠東聯石化_揚州_有限公司
4568,銀川台協
4569,銀杏湖集團
4570,銘傳大學
4571,銘傳大學公共事務與行政管理學系
4572,銘傳大學兩岸研究中心
4573,閩台歷史文化研究院
4574,閩江學院
4575,閩南師範大學
4576,閩南師範大學兩岸一家親研究院
4577,韶關台協
4578,韶關市人民政府
4579,鳳凰網
4580,鳳凰衛視
4581,齊靜
4582,億可國際飲食股份有限公司
4583,劉凡
4584,劉大貝
4585,劉化軍
4586,劉世錦
4587,劉永剛
4588,劉永鋼
4589,劉玉平
4590,劉仲宇
4591,劉兆玄
4592,劉光榮
4593,劉匡宇
4594,劉江成
4595,劉竹承
4596,劉良輝
4597,劉奇
4598,劉奇葆
4599,劉宗明
4600,劉延東
4601,劉忠斌
4602,劉忠義
4603,劉于菁
4604,劉芳
4605,劉長樂
4606,劉建南
4607,劉建洋
4608,劉洪友
4609,劉紅
4610,劉軍川
4611,劉家義
4612,劉海星
4613,劉茜
4614,劉偉
4615,劉國生
4616,劉國深
4617,劉國滄
4618,劉晨亮
4619,劉紹勇
4620,劉連舸
4621,劉雪松
4622,劉朝霞
4623,劉結一
4624,劉超
4625,劉進賢
4626,劉勤
4627,劉新成
4628,劉會進
4629,劉瑞寧
4630,劉群茂
4631,劉達緯
4632,劉榮達
4633,劉澈元
4634,劉增應
4635,劉慧瑾
4636,劉慶軍
4637,劉曉強
4638,劉曉輝
4639,劉燦樹
4640,劉曜宗
4641,劉豐泰
4642,劉藝良
4643,劉蘭芳
4644,劉鶴
4645,劉艷
4646,寮國中國和平統一促進會
4647,廣宇投資開發有限公司
4648,廣宇科技股份有限公司
4649,廣州大學
4650,廣州大學台灣研究院
4651,廣州中山大學
4652,廣州中醫藥大學
4653,廣州日報
4654,廣州台協
4655,廣州市人大常委會
4656,廣州市人民代表大會
4657,廣州市人民政府
4658,廣州市文化廣電旅遊局
4659,廣州市人民政府台灣事務辦公室
4660,廣州市委台灣工作辦公室
4661,廣州市教育局
4662,廣州辛亥革命紀念館
4663,廣州暨南大學
4664,廣西人民政府國有資產監督管理委員會
4665,廣西光彩事業促進會
4666,廣西壯族自治區人民政府
4667,廣西壯族自治區人民政府台灣事務辦公室
4668,廣西柳工集團有限公司
4669,廣西柳工機械股份有限公司
4670,廣西師範大學
4671,廣西師範大學桂台合作研究中心
4672,廣西桂台經貿文化交流協會
4673,廣西海峽兩岸產業合作園
4674,廣東省台灣同胞聯誼會
4675,廣東省台灣研究中心
4676,廣東省人民代表大會
4677,廣東省人民政府
4678,廣東省人民政府港澳事務辦公室
4679,廣東省文化和旅遊廳
4680,廣東省人民政府台灣事務辦公室
4681,廣東省司法廳
4682,廣東省民政廳
4683,廣東省委員會台灣工作辦公室
4684,廣東省委台灣工作辦公室
4685,廣東省林業局
4686,廣東省社科院港澳台研究中心
4687,廣東省社會科學界聯合會
4688,廣東省社會科學院
4689,廣東省律師協會
4690,廣東省律師協會知識產權專業委員會
4691,廣東省海峽兩岸交流促進會
4692,廣東省推進粵港澳大灣區建設領導小組辦公室
4693,廣東省發展和改革委員會
4694,廣東省農業農村廳
4695,廣東省電子商務協會
4696,廣東革命歷史博物館
4697,廣東海上絲綢之路博物館
4698,廣東新文化事業發展有限公司
4699,廣東台灣研究中心
4700,廣博實業股份有限公司
4701,德州台協
4702,德克士
4703,德克薩斯州中國和平統一促進會
4704,德芳蘭園有限公司
4705,德恩投資股份有限公司
4706,德華國際事業股份有限公司
4707,德陽台協
4708,德慶盛投資股份有限公司
4709,慶鼎精密電子_淮安_有限公司
4710,撫州台協
4711,撲克牌股份有限公司
4712,數字雲端有限公司
4713,樂山市人民政府
4714,樂山市歌舞劇團
4715,樂玉成
4716,樂利數位科技股份有限公司
4717,樂迪科技有限公司
4718,樂購蝦皮股份有限公司
4719,樊傑
4720,樊慶斌
4721,樓陽生
4722,歐美同學會_中國留學人員聯誼會
4723,歐陽家立
4724,歐雲崧
4725,歐銻銻娛樂有限公司
4726,滕紹駿
4727,潘詠民
4728,潘新洋
4729,潘新祥
4730,潘錫堂
4731,潮州台協
4732,澎湃新聞
4733,緯秀_昆山_智能科技有限公司
4734,緯創集團
4735,緯創資通_昆山_有限公司
4736,緯創資通股份有限公司
4737,練月琴
4738,蔡上元
4739,蔡少雄
4740,蔡世明
4741,蔡正元
4742,蔡合旺事業股份有限公司
4743,蔡合源股份有限公司
4744,蔡名照
4745,蔡秀麗
4746,蔡佩君
4747,蔡其建
4748,蔡宗勳
4749,蔡幸爵
4750,蔡明忠
4751,蔡明興
4752,蔡長奎
4753,蔡長榮
4754,蔡衍明
4755,蔡衍榮
4756,蔡海金
4757,蔡國雄
4758,蔡培輝
4759,蔡淑娟
4760,蔡紹中
4761,蔡紹仁
4762,蔡紹淳
4763,蔡裕榮
4764,蔡達峰
4765,蔡鈴蘭
4766,蔡榮達
4767,蔡榮騰
4768,蔡銘宏
4769,蔡澄江
4770,蔡練生
4771,蔡憲沙
4772,蔡豐賜
4773,蔡寶強
4774,蔣小松
4775,蔣友松
4776,蔣丙煌
4777,蔣作君
4778,蔣孝力
4779,蔣孝嚴
4780,蔣佩琪
4781,蔣明霞
4782,蔣建良
4783,蔣堅永
4784,蔣經國
4785,蔣萬安
4786,蔣臨沂_平師平法
4787,蔣耀平
4788,蝦皮支付股份有限公司
4789,衛士通
4790,鄧汝芬
4791,鄧保生
4792,鄧哲偉
4793,鄧海光
4794,鄧國光
4795,鄧鴻吉
4796,鄭人豪
4797,鄭又平
4798,鄭平
4799,鄭州台協
4800,鄭志慧
4801,鄭孟桓
4802,鄭忠信
4803,鄭明嘉
4804,鄭建邦
4805,鄭建炘
4806,鄭建閩
4807,鄭博宇
4808,鄭雅萍
4809,鄭旗生
4810,鄭褚瑜
4811,鄭銘坤
4812,鄭劍
4813,鄭鋼淼
4814,鋐明國際股份有限公司
4815,中共閬中市委員會黨校
4816,鞍山台協
4817,鞍鋼集團有限公司
4818,餘額寶
4819,魯曉波
4820,黎昌晉
4821,黎順發
4822,黎瑞剛
4823,黎澤林
4824,冀國強
4825,學甲虱目魚水產有限公司
4826,學甲食品股份有限公司
4827,寰宇媽祖國際交流協會
4828,橫琴台商總部大廈有限公司
4829,橫濱華僑總會
4830,澳門大學
4831,澳門月刊
4832,澳門科學技術協進會
4833,澳門理工大學
4834,澳門街坊會聯合總會
4835,澳門新聞工作者協會
4836,澳洲中國和平統一促進會
4837,燕元沂
4838,燕京有限公司
4839,盧一先
4840,盧月香
4841,盧志強
4842,盧秀燕
4843,盧承聖
4844,盧秉宏
4845,盧信守
4846,盧思伯
4847,盧瑞安
4848,盧麗安
4849,穆沙希德
4850,縉雲縣委辦
4851,翰霖坊建設有限公司
4852,蕉嶺縣台港澳事務局
4853,蕪湖台協
4854,蕭永瑞
4855,蕭旭岑
4856,蕭美琴
4857,蕭祥修
4858,蕭博仁
4859,蕭景田
4860,蕭開平
4861,蕭萬長
4862,螞蟻科技集團股份有限公司
4863,衡水市人民政府
4864,親民黨
4865,賴士葆
4866,賴大慶
4867,賴元皇
4868,賴文平
4869,賴正鎰
4870,賴光郎
4871,賴岳謙
4872,賴信雄
4873,賴張龍
4874,賴新峰
4875,賴鼎超
4876,賴榮信
4877,賴澤華
4878,賴燦賢
4879,遵義市人民政府
4880,遼寧長盛農業發展有限公司
4881,遼寧省人民政府台灣事務辦公室
4882,遼寧省台灣同胞聯誼會
4883,錢學鋒
4884,隨州市人民政府
4885,靜安區新媒體聯盟
4886,頤信科技有限公司
4887,頻順科技媒體股份有限公司
4888,駱宏賓
4889,駱沙鳴
4890,駱俊宏
4891,駱偉建
4892,駱肇澤
4893,黔西南州人民政府台灣事務辦公室
4894,黔南布依族苗族自治州人民政府
4895,龍岩台協
4896,龍岩市人民政府
4897,龍岩同鄉會
4898,龍明彪
4899,龍威台青創業基地
4900,龍莊偉
4901,龍應台
4474,優客工場
4902,優酷土豆集團
4903,應急管理部政治部
4904,戴北方
4905,戴永清
4906,戴均良
4907,戴秉國
4908,戴斌
4909,戴萬欽
4910,檀祝平
4911,平潭濟元堂中醫館
4912,濟東國際股份有限公司
4913,濟南大學
4914,濟南台協
4915,濟南市人民政府
4916,濟南全欣方沅科技有限公司
4917,濟南安創信息科技有限公司
4918,濟南朗安信息科技有限公司
4919,濟南魯台商貿有限公司
4920,濟寧台協
4921,濮陽台協
4922,濰坊台協
4923,濰坊市人民政府
4924,濱州台協
4925,營口台協
4926,環球時報
4927,環球網
4928,環瑞醫投資控股股份有限公司
4929,中央軍事委員會聯合參謀部
4930,聯合報
4931,聯合報股份有限公司
4932,聯利媒體股份有限公司
4933,聯芯集成電路製造_廈門_有限公司
4934,聯發科技股份有限公司
4935,中央軍委政治工作部聯絡局
4936,聯華神通集團
4937,聯華電子股份有限公司
4938,聯華實業投資控股股份有限公司
4939,臨沂台協
4940,薛延忠
4941,薛清德
4942,薛皓
4943,薛超
4944,薛衛民
4945,薛曉峰
4946,薛穎穜
4947,雙廟鄉人民政府
4948,襄陽台協
4949,謝三榮
4950,謝文盛
4951,謝世謙
4952,謝正義
4953,謝昉柱
4954,謝明輝
4955,謝果
4956,謝春長
4957,謝英俊
4958,謝湘輝
4959,謝經榮
4960,謝慶源
4961,謝錫宏
4962,謝龍介
4963,謝鬱
4964,賽亞基因科技股份有限公司
4965,賽博大象集團
4966,趨勢民意調查股份有限公司
4967,醣基生醫股份有限公司
4968,鍾平
4969,鍾宏義
4970,鍾志剛
4971,鍾厚濤
4972,鍾琴
4973,鍾愛
4974,鍾曉敏
4975,鞠文永
4976,鞠海濤
4977,韓大元
4978,韓正
4979,韓宜倫
4980,韓國瑜
4981,韓國瑤
4982,韓華中國和平統一促進聯合總會
4983,韓曉光
4984,鮪豐水產加工股份有限公司
4985,鮪豐水產股份有限公司
4986,鴻元國際投資股份有限公司
4987,鴻利全球股份有限公司
4988,鴻哲先進科技股份有限公司
4989,鴻海精密工業股份有限公司
4990,鴻特科技股份有限公司
4991,鴻揚創業投資股份有限公司
4992,鴻景國際投資股份有限公司
4993,鴻棋國際投資股份有限公司
4994,鴻億實業股份有限公司
4995,鴻橋國際投資股份有限公司
4996,黛利行銷有限公司
4997,點睛石多媒體股份有限公司
4998,歸亞蒂
4999,瀋陽台協
5000,中國獵豹移動
5001,簡明欽
5002,簡禎祈
5003,聶強
5004,舊金山灣區中國統一促進會
5005,薩摩亞商美智資本集團有限公司
5006,薰衣草森林股份有限公司
5007,藍天立
5008,藍天行動聯盟
5009,藍海創意文化股份有限公司
5010,藍婉禎
5011,藍博洲
5012,豐盛投資股份有限公司
5013,醫媒體策略行銷有限公司
5014,鎮江台協
5015,鎮江奇美化工有限公司
5016,襄城縣雙廟鄉人民政府
5017,顏仁賢
5018,顏文輝
5019,顏世元
5020,顏宏全
5021,顏建國
5022,顏珂
5023,顏清標
5024,顏笛
5025,顏莉敏
5026,顏嘉儀
5027,顏寬恆
5028,馥甲建設股份有限公司
5799,明道學校財團法人明道大學
5029,魏大鵬
5030,魏有德
5031,魏伯良
5032,魏宏名
5033,魏良全
5034,魏亞鵬
5035,魏忠科
5036,魏悌香
5037,魏鳳
5038,魏鳳和
5039,魏應充
5040,魏應交
5041,魏應州
5042,魏應行
5043,魏寶生
5044,曠視科技有限公司
5045,瀚薪科技股份有限公司
5046,爆料公社股份有限公司
5047,瓊台交流合作基地辦公室
5048,羅廷瑋
5049,羅浮山國學院附屬學校
5050,羅國華
5051,羅婭妮
5052,羅智先
5053,羅智強
5054,羅華慶
5055,羅鼎鈞
5056,羅霞
5057,藝傳媒
5058,藝傳媒文化事業有限公司
5059,譚天星
5060,譚雙翼
5061,譚耀宗
5062,關島中國和平統一促進會
5063,麗水市人民政府台灣事務辦公室
5064,麗京投資股份有限公司
5065,麗京國際旅館管理顧問股份有限公司
5066,龐建國
5067,嚴可仕
5068,嚴安林
5069,嚴峻
5070,寶成工業股份有限公司
5071,寶成國際集團
5072,寶島本舖生活事業有限公司
5073,寶悍運動平台股份有限公司
5074,寶健_中國_有限公司
5075,寶健公益基金會
5076,寶健國際集團有限公司
5077,寶齡富錦生技股份有限公司
5078,寶鑫國際投資股份有限公司
5079,礦冶科技集團有限公司
5080,竇維平
5081,競級
5082,競酷數位股份有限公司
5083,蘇玉枝
5084,蘇州大學教育學院
5085,蘇州台協
5086,蘇州市人大常委會
5087,蘇州市人民政府
5088,蘇州市民族宗教事務局
5089,蘇州市姑蘇區人民政府
5090,蘇州市姑蘇區政府國有資產監督管理委員會
5091,蘇州市委農村工作辦公室
5092,蘇州市科學技術協會
5093,蘇州佳世達電通有限公司
5094,蘇州易風淨生物科技有限公司
5095,蘇州歷史文化名城發展集團有限公司
5096,蘇州歷史文化名城發展集團創業投資有限公司
5097,蘇果超市
5098,蘇保宏
5099,蘇恒
5100,蘇起
5101,蘇清泉
5102,蘇甦
5103,蘇華
5104,蘇毓涵
5105,蘇詩嵐
5106,蘇銀凱基消費金融有限公司
5107,蘇輝
5108,蘇澳南天宮
5109,鐘志剛
5110,鐘厚濤
5111,鐘婷
5112,鐘錦明
5113,饒謹
5114,腾讯控股有限公司
5115,騰訊台灣辦公室
5116,騰訊產業共贏基金
5117,黨和國家功勳榮譽表彰工作委員會
5118,黨朝勝
5119,蘭州大學
5120,蘭州台協
5121,蘭斯琦
5122,顧其芸
5123,顧明均
5124,顧斌
5125,顧尟
5126,魔法雞排
5127,魔競娛樂股份有限公司
5128,龔正
5129,龔青
5130,贛州台協
5131,鑫瓏國際有限公司
5132,靄琳
5133,鹽城台協
5134,觀察者網
5135,鑽石生技投資股份有限公司
5136,鑽石資本管理股份有限公司
5137,天后宮附屬香客中心
6186,黃浩然
6187,王少峰
5140,全國慈善新聞報
5141,民生電子報股份有限公司
5142,中華時報有限公司
6244,廈門市集美區人民政府集美街道辦事處
5144,上海市住房和城鄉建設管理委員會
5145,上海市發展和改革委員會
5146,上海市廣播影視製作業協會
5147,上海市衛生健康委員會
5148,上海動物園
5149,王賀勝
5150,台北市電影委員會
5151,台灣精準醫療品質策進會
5152,何代欽
5153,吳清發
5154,李春
5155,周波
5156,胡幼圃
5157,海峽兩岸醫藥衛生交流協會
5158,財團法人自然資源保育技術服務基金會
5159,馬春雷
5160,國立臺南藝術大學
5161,張珩
5162,陳志銘
5163,彭振聲
5164,黃潔夫
5165,臺北市立動物園
5166,臺北市政府文化局
5167,臺北醫學大學
5168,潘罡
5169,蔡炳坤
5170,鄧家基
5171,鄭一賢
5172,應勇
6243,廈門市美術家協會
6241,集美大學
6188,集美大學美術與設計學院
5181,社團法人中華文化推廣協會
5182,社團法人南投縣紅十字會
5183,姚江臨
5184,財團法人張老師基金會
5186,國桂榮
5187,張德忠
5188,陳云英
5189,黃珊珊
5396,財團法人_張老師_基金會
5493,蔡秉憲
5376,屏東縣青年創業協會
5308,台灣金門同鄉會總會青年團
5461,熊立
5499,鄭婷文
5443,黃冠瑜
5355,林奕利
5434,嵂洧企業有限公司
5459,雷春美
5275,王光遠
5269,中華影音行銷協會
5338,李國維
5436,程金中
5327,佛山市順德區錫山家具有限公司
5278,王宗和
5513,譚順鴻
5384,重慶順鴻服飾有限責任公司
5407,張心怡
5462,福州市多納思維教育諮詢有限公司
5492,蔡佩紜
5429,陳燕木
5324,江廣平
5484,趙紅菊
5288,包方
5271,尤淑姿
5265,中華兩岸人民和平交流協會
5325,牟虹
5252,中共福州市委員會
5256,中國國民黨中央評議委員會
5495,鄧麗
5497,鄭致毅
5439,華僑救國聯合總會
5470,福建省殘疾人聯合會
5435,殘疾人事業發展研究會
5437,程凱
5482,趙守博
5451,廈門市殘疾人聯合會
5448,廈門大學中國殘障事業發展研究中心
5199,中華全國台灣同胞聯誼會系統新媒體交流考察團
5402,高雄市兩岸經濟文化發展交流協會
5303,台聲雜誌社
5307,台灣兩岸勞工事務交流團
5447,黑龍江省總工會
5193,大慶市全國人民代表大會常務委員會
5250,大慶市總工會
5281,王娟萍
5488,劉洪
5200,中華全國總工會台灣聯絡處
5388,孫永成
5441,黃太春
5293,北京市通州區人民政府
5295,北京教育學院
5219,首都師範大學
5239,潞河中學
5224,貢院小學
5486,趙磊
5231,臺北市南港區南港國民小學
5213,社團法人中華民國中小學校長協會
5506,薛春光
5197,中共北京市通州區委員會
5311,台灣教育發展協進會
5485,趙海興
5454,楊志成
5389,徐華_潞河中學
5314,左春雲
5509,簡邑容
5332,李京文
5446,黃塞溪
5334,李長遠
5483,趙孝清
5507,謝念慈
5379,洪波
5458,董明慧
5203,北京市西城區人民政府
5204,北京市東城區人民政府
5395,翁慶才
5290,北京市東城區史家胡同小學
5287,王歡
5218,花蓮縣花蓮市中華國民小學
5505,鮑明鈞
5357,林書揚
5419,莊振文
5516,顧紅亮
5283,王振源
5279,王武郎
5412,戚永靖
5346,兩岸和平發展論壇
5511,羅國湧
5438,華東師範大學企業管理系
5257,中國婦女發展基金會
5398,財團法人海峽兩岸民意交流基金會
5260,中華民國村里長聯誼總會
5515,饒穎奇
5457,楊鑫坤
5254,中國社區發展協會
5479,臺灣社區發展協會聯合總會
5517,顧朝曦
5369,社團法人臺中市新移民女性家庭關懷協會
5425,陳俗蓉
5475,臺中市黎明生活美學協會
5409,張昭友
5466,福建省司法廳
5310,台灣基層調解委員會聯合協會
5414,曹爾忠
5390,徐義林
5340,李超群
5321,朱俊源
5469,福建省海外聯誼會
5273,方乃純
5510,羅美文
5456,楊農
5226,廈門華廈職業學院
5494,鄧力平
5347,卓達雄
5383,茍仲文
5397,財團法人十大傑出青年基金會
5266,中華華夏文化交流協會
5367,社團法人台灣國際創價學會
5360,林崇德
5416,深圳市龍越慈善基金會
5292,北京市第四中學
5220,桃園市立過嶺國民中學
5381,洪靜芳
5342,李德金
5501,餘勇
5348,周仲島
5410,張毅恭
5372,陈宁
5426,陳建強
5209,台灣勞動黨高雄市黨部
5294,北京師範大學校長培訓學院
5387,夏潮聯合會
5504,遵義市教育體育局
5223,財團法人中華基金會
5242,人間出版社
5221,海峽評論雜誌社
5343,李蓮娜
5330,宋萑
5225,國立臺北教育大學
5373,侯孝賢
5498,鄭崇趁
5403,國立臺灣大學政治學系
5411,張麟征
5238,臺灣海峽兩岸和平統一促進會
5423,郭俊次
5268,中華電信工會
5300,台北市總工會
5312,台灣勞工聯盟總會
5386,唐曙
5210,兩岸犇報文化事業股份有限公司
5222,祖國文摘雜誌社
5280,王津平
5420,許育嘉
5453,新竹縣湖口鄉退休教師協會
5363,河南省教育廳
5364,河南省教育廳基礎教育處
5212,河南省教育廳人事處_人才工作辦公室
5460,榮西海
5328,吳長運
5427,陳海民
5375,南海行動聯盟
5214,社團法人高雄市長青服務協會
5215,社團法人高雄市勞動事務服務協會
5194,小雨滴聯誼會
5382,禹志霖
5405,崔學明
5306,台灣百姓文化交流協會
5467,福建省姓氏源流研究會
5465,福建省中華文化學院
5359,林偉功
5496,鄭昭明
5394,海峽論壇組委會辦公室
5304,台灣文化創意產業聯盟協會
5285,王綽中
5264,中華全國體育總會
5253,中國武術協會
5261,中華民國國武術總會
5263,中華民國體育運動總會
5205,北京市海淀區人民政府
5195,中共北京市海淀區委員會
5432,傅首清
5196,中共北京市海淀區委教育工作委員會
5272,尹麗君
5206,北京市海淀區教育委員會
5431,陸雲泉
5289,北京市八一學校
5345,沈軍
5227,新北市立竹圍高級中學
5358,林素琴
5291,北京市海淀區中關村第二小學
5455,楊剛
5229,臺北市中山區濱江國民小學
5428,陳滄智
5508,謝維和
5404,國家體育總局社會體育指導中心
5259,中國龍舟協會
5474,福建省體育局
5468,福建省金門同胞聯誼會
5371,阿力海戶外有限公司
5464,福建省人大常委會
5365,社團法人中華民國工商建設研究會
5444,黃琪玉
5380,洪堯昆
5309,台灣金融服務業聯合總會
5472,福建省農業農村廳
5374,南投縣政府
5267,中華農業創新學會
5473,福建省衛生健康委員會
5452,廈門市衛生健康委員會
5471,福建省裝飾行業商會
5480,臺灣省室內設計裝修商業同業公會聯合會
5366,社團法人台灣化妝品良好作業規範_GMP_產業發展協會
5449,廈門公交集團有限公司
5413,捷邦管理顧問股份有限公司
5255,中國消防協會
5299,台北市消防協會
5211,河北正定中學
5433,傅輝東
5305,台灣交流團
5489,劉美珍
5217,花蓮縣立花崗國民中學
5336,李恩銘
5500,鄭詩穎
5297,台北市文化教育交流發展協會
5228,臺中市立崇倫國民中學
5377,柯宜彤
5362,河北省教育廳
5316,石家莊市人民政府
5317,石家莊市人民政府台灣事務辦公室
5318,石家莊市教育局
5391,桃園市政府
5392,桃園市政府觀光旅遊局
5440,雲林縣政府
5230,臺北市松山老人服務暨日間照顧中心
5487,劉奕霆
5208,台北晶華酒店
5234,臺北市政府都市發展局
5356,林洲民
5235,臺北市政府環境保護局
5232,臺北市政府研究發展考核委員會
5246,上海市綠化和市容管理局
5490,劉銘龍
5385,唐家富
5284,王崇禮
5339,李晨瑜
5233,臺北市政府研究發展考核委員會話務管理組
5258,中國網絡社會組織聯合會
5302,台企聯新世代新青年功能委員會
5352,宗家泓
5276,王壯
5463,福建平潭康德房地產有限公司
5337,李振瑄
5450,廈門市婦女聯合會
5216,社團法人新北市中小學校長協會
5247,上海市綠化和市容管理局行政服務中心
5421,許珉琦
5236,臺北市政府環境保護局廢棄物處理管理科
5333,李旻壕
5192,上海市綠化和市容管理局政策法規處_研究室
5286,王輝
5476,臺北市政府社會局
5298,台北市浦東同鄉會
5344,李驍東
5301,台北圓山大飯店
5191,上海市嘉定區人民政府
5430,陸方舟
5322,朱劍豪
5481,趙丹丹
5491,厲耿桂芳
5237,臺灣水泥股份有限公司
5408,張安平
5350,周漢民
5198,中國人民政治協商會議上海市委員會
5406,常志康
5393,浦東新區城市運行綜合管理中心
5244,上海市浦東新區人民政府
5245,上海市浦東新區人民政府應急管理局
5329,呂世明
5351,周聯清
5512,譚紹濱
5370,邵旭
5399,財團法人高雄市私立樂仁啓智中心
5415,深圳市殘疾人綜合服務中心
5262,中華民國聲暉聯合會
5349,周建
5326,何義林
5323,江以文
5424,閆小培
5422,郭子聖
5270,孔祥科
5442,黃文鋒
5502,賴玉敏
5378,洋山深水港
5243,上海_金山_海峽兩岸青年創業基地
5249,上海灣區科創中心
5514,麗寶集團
5478,臺北市政府觀光傳播局
5368,社團法人基隆律師公會
5445,黃雅羚
5417,莆田市人民政府
5418,莆田市湄洲島國家旅遊度假區管理委員會
5335,李建輝
5361,林鋒
5477,臺北市政府教育局
5341,李寬信
5251,大震企業股份有限公司
5354,昆山六豐機械工業有限公司
5248,上海金山假日酒店
5400,郝芳華
5401,馬振傑
5503,遵義市教育局
5207,北京師範大學遵義附屬學校
5240,遵義市文化小學
5313,四渡赤水紀念館
5202,北京市平谷中學
5201,天津市第一中學
5319,石家莊市第二中學
5282,王振宇
5274,王立傑
5277,王廷山
5315,石家莊市人大
5331,李志宏
5650,天津市耀華中學
5891,廈門城市職業學院
5643,中國龍獅運動協會
5648,中華舞龍舞獅運動總會
5972,鄭錦洲
5637,中國國際貿易促進委員會福建省委員會
5917,漢邦企業管理顧問有限公司
5791,財團法人台灣文化資產保存發展基金會
5715,李斌
5629,中國共產主義青年團福建省委員會
5738,東台灣新聞網企業社
5993,顧金山
5936,臺北市政府產業發展局
5862,傅國慶
5743,林崇傑
5564,社團法人台灣生物產業發展協會
5788,訊聯生物科技股份有限公司
5967,蔡政憲
5988,懷特生技新藥股份有限公司
5971,鄭建新
5962,瑩碩生技醫藥股份有限公司
5985,顏麟權
5613,上準微流體股份有限公司
5856,陳瑞麟
5676,台灣劼科生物科技股份有限公司
5833,莊鈺谷
5873,華碩健康股份有限公司
5986,魏剛
5568,財團法人中華醫事科技大學
5649,財團法人中華醫事科技大學國際暨兩岸事務處
5689,江西科技師範大學
5961,歐陽忠明
5562,河北科技工程職業技術大學高等職業技術教育研究所
5585,無錫太湖學院
5586,無錫太湖學院高等教育研究所
5984,闕明坤
5749,河北正中實驗中學
5576,財團法人高雄市私立義大國際高級中學
5547,台灣民主自治同盟中央委員會台情與兩岸關係研究委員會
5816,康擁軍
5671,北京市實驗外國語學校
5598,臺北市立南港高級中學
5596,臺中市立立人國民中學
5595,臺中市立北新國民中學
5577,財團法人臺中市私立慈明高級中學
5563,治平學校財團法人
5540,中華民國私立教育事業協會
5572,財團法人台灣省桃園縣私立永平高級工商職業學校
5647,中華勞動與就業關係協會
5841,陳正良
5651,天津英華實驗學校
5570,財團法人台北市私立金甌女子高級中學
5571,財團法人台北市私立強恕高級中學
5599,臺北市濱江實驗國民中學
5597,臺北市立成功高級中學
5590,新北市立佳林國民中學
5583,清華學校財團法人
5702,吳權佑
5569,財團法人台北市私立大誠高級中學
5916,榮明傑
5827,張慧瑛
5731,周慶
5773,孫劍斌
5870,焦志誠
5705,宋宏雄
5807,高志英
5867,游正劼
5923,福建省教育廳
5924,福建省教育廳職成處
5817,張文東
5786,翁玉華
5983,簡財源
5882,黃益峰
5713,李素珍
5868,游經祥
5703,呂本源
5889,廈門市教育局
5890,廈門市教育局高教處
5849,陳哲新
5664,王豫生
5973,魯加升
5815,康乃美
5561,明新學校財團法人明新科技大學
5990,羅元宏
5969,蔡雅賢
5914,寧德職業技術學院
5861,傅高升
5765,泉州華光職業學院
5697,吳其萃
5748,武夷山職業學院
5892,廈門華天涉外職業技術學院
5911,鄒琍瓊
5762,哈爾濱華德學院
5994,顧德庫
5925,福建省農業科學院
5926,福建省閩台交流協會
5751,社團法人台灣茶葉學會
5782,海峽兩岸茶業交流協會
5678,台灣區製茶工業同業公會
5733,怡農茶園
5712,李宥瑢
5851,陳紹軍
5746,林憲騰
5541,中華民國勞工共同品質產物提昇暨就業輔導促進會中華文化統一委員會
5764,段喜賢
5635,中國致公黨廈門市委員會
5717,李瑞盛
5594,福建天衡聯合律師事務所
5865,曾招文
5652,王方
5615,山東省人民政府台港澳事務辦公室魯台港澳交流服務中心
5944,趙西穎
5768,胡國強
5977,濟南新材料產業園區
5978,濟南新材料產業園區招商局
5855,陳雲龍
5528,山東省濟南市天橋區人民政府台港澳事務辦公室
5668,北京日報報業集團
5654,王安順
5679,台灣媒體參訪團
5673,北京廣播電視台
5943,趙多佳
5980,聯合晚報
5545,台北市報業商業同業公會
5992,羅國俊
5810,高雄市新聞記者公會
5806,馬道明
5674,台中廣播股份有限公司
5832,莊文勤
5883,黃清龍
5877,項國寧
5549,台灣廣播股份有限公司
5805,馬長生
5601,臺灣中華日報社股份有限公司
5884,黃肇松
5954,劉善群
5758,俞雨霖
5591,零點研究咨詢集團
5787,袁岳
5843,陳吉寧
5965,蔡奇
5837,郭偉峰
5531,中國人民政治協商會議河南省常務委員會
5556,自立多媒體股份有限公司
5850,陳國祥
5880,黃坤明
5551,安陽市人民政府
5552,安陽市文化廣電新聞出版局
5553,安陽市社會科學界聯合會
5622,中共安陽市委機構編制委員會辦公室
5869,湯陰縣人民政府
5720,杜飛進
5669,北京出版集團有限責任公司
5790,財團法人中華出版基金會
5621,山東廣電傳媒集團有限公司
5681,安陽周易研究會
5821,張亞忠
5722,肖洪
5645,中華全國台灣同胞聯誼會台胞事務部
5808,高偉_全國台聯
5814,崔興莉
5535,中國共產黨安陽市委員會
5707,李公樂
5661,王新偉
5775,徐家平
5529,中共安陽市委統戰部
5550,安陽市人民代表大會常務委員會
5687,朱明
5530,中國人民政治協商會議安陽市委員會
5907,葛愛美
5913,靳東風
5710,李向前
5809,高雁卿
5835,郭旭東
5688,朱高正
5533,中國共產黨內蒙古自治區委員會統一戰線工作部
5945,趙宏
5588,鄂爾多斯市民族事務委員會
5587,鄂爾多斯市人民政府
5951,劉建勳
5675,台州市椒江區人民政府
5630,中國共產黨廣東省委員會
5906,葉貞琴
5904,溫蘭子
5537,中國共產黨韶關市委員會
5779,殷煥明
5656,王青西
5532,中國人民政治協商會議韶關市委員會
5826,張榮恭
5631,中國佛教協會
5558,宗性
5958,廣東省佛教協會
5560,明生法師
5947,韶關南華禪寺
5761,南華寺
5589,傳正法師
5574,財團法人佛光山文教基金會
5603,臨濟宗
5544,心保和尚
5575,財團法人法鼓山佛教基金會
5747,果東法師
5744,林碧玉
5567,財團法人中台山佛教基金會
5723,見濤法師
5578,財團法人靈鷲山佛教基金會
5694,佛光山學校財團法人
5792,財團法人佛光山人間佛教研究院
5794,財團法人佛光山慈悲社會福利基金會
5793,財團法人佛光山人間佛教發展基金會
5796,財團法人佛光淨土文教基金會
5795,財團法人佛光山電視弘法基金會
5800,財團法人法鼓山人文社會基金會
5804,財團法人法鼓山社會福利慈善事業基金會
5803,財團法人法鼓山文教基金會
5802,財團法人法鼓山大愛教育基金會
5797,財團法人佛教電子佛典基金會
5539,中華民國村里長聯誼會
5838,郭雲輝
5844,陳有諒
5899,羅東川
5896,新北市汐止區厚德里辦公室
5900,新竹縣湖口鄉民代表會
5895,新北市汐止區山光里辦公室
5842,陳永松
5763,思科系統
5605,上海市經濟和信息化委員會
5698,吳金城
5934,臺北市政府秘書處
5740,林育鴻
5682,戎之勤
5893,愛庫存
5695,冷靜
5935,臺北市政府秘書處媒體事務組
5727,周台竹
5937,臺北市政府衛生局
5878,黃世傑_衛生局
5912,鄔驚雷
5960,歐佳齡
5785,秦淨
5693,余燦華
5774,孫曉冬
5526,上海市疾病預防控制中心
5932,臺北市立聯合醫院和平婦幼院區
5879,黃弘孟
5525,上海市浦東醫院
5692,余波
5931,臺北市立聯合醫院
5886,黃遵誠
5903,楊超
5930,臺北市立國樂團
5752,社團法人台灣感染管制學會
5823,張峰義
5831,悠遊卡股份有限公司
5846,陳亭如
5933,臺北市政府交通局
5627,中國人民政治協商會議福州市委員會
5611,上海師範大學
5716,李景華
5824,張智瑋
5811,高雄市經濟文化交流促進會
5898,新北市退休校長協會
5897,新北市政府教育局
5948,劉文通
5888,廈門市姓氏源流研究會
5940,臺灣省姓氏研究學會
5755,金門縣宗族文化研究協會
5646,中華國際觀光協會
5750,社團法人中華智慧運輸協會
5771,孫以濬
5928,臺北市公共運輸處
5732,尚錦堂
5522,上海市交通運輸行業協會
5523,上海市交通運輸行業協會智能交通工作委員會
5686,朱昊
5521,上海市交通委員會
5606,上海市道路運輸管理局
5607,上海市道路運輸管理局客運處
5662,王義祥
5828,張學孔
5542,中華電信股份有限公司資訊技術分公司
5991,羅坤榮
5864,景翊科技股份有限公司
5847,陳奕廷_景翊科技
5633,中國汽車工程學會
5778,殷承良
5638,中國移動上海產業研究院
5639,中國移動上海產業研究院智慧交通產品部
5970,蔣鑫
5701,吳榮煌
5680,台灣智慧駕駛股份有限公司
5721,沈大維
5604,上海市智能網聯汽車創新中心
5718,李霖
5520,上海久事公共運輸集團有限公司
5968,蔡夏英
5860,陳學台
5981,謝峰
5725,阮青
5756,長三角區域合作辦公室
5714,李得全
5929,臺北市立大學市政管理學院
5753,邱英浩
5657,王振
5524,上海市城市規劃設計研究院
5919,熊健
5754,邵琇珮
5885,黃銘材
5813,國立臺北大學公共行政暨政策學系
5704,呂育誠
5634,中國科學院南京地理與湖泊研究所
5854,陳雯
5536,中國共產黨安溪縣委員會
5700,吳毓舟
5538,中國共產黨龍巖市委員會
5534,中國共產黨長汀縣委員會
5690,牟科發
5915,廖深洪
5735,明道大學國際事務處
5737,明道大學設計學院
5910,路蕙鴻
5975,蕭雅柏
5836,郭致良
5987,魏應彬
5780,海南軟件職業技術學院
5781,海南軟件職業技術學院國際教育與旅遊學院_國際合作交流中心
5565,海南軟件職業技術學院動畫與數字創意學院
5974,黎明珠
5820,張克亮
5582,淮安臺商學院
5734,明道大學兩岸事務處
5736,明道大學國際學院
5777,徐曉梅
5620,山東科技職業學院
5548,台灣嵌入式暨單晶片系統發展協會
5845,陳宏昇
5677,台灣知識庫股份有限公司
5863,彭梓華
5580,國立臺灣師範大學
5964,蔡咏鍀
5949,劉世芬
5875,雲林縣北港鎮
5876,雲林縣北港鎮鎮民代表會
5942,裴恩樂
5941,臺灣鄉鎮市民代表會聯合總會
5859,陳鄭港
5609,上海民族樂團
5989,羅小慈
5819,張全
5691,何晞
5554,江蘇省淮安市人民政府台灣事務辦公室
5938,臺北市政府警察局
5696,吳志明
5519,丁仁方
5966,蔡明鎮
5672,北京海峽兩岸社區發展研究中心
5628,中國民辦教育協會
5950,劉林
5706,李元元
5957,廣東省中華職業教育社
5946,趙鵬飛
5602,醒吾學校財團法人醒吾科技大學
5730,周添城
5644,中華民國成人及終身教育學會
5901,楊國德
5600,臺東縣議會
5711,李怡慧
5881,黃東祥
5767,胡剛
5557,兩岸和平發展聯合總會
5543,中銀國際控股有限公司
5745,林廣兆
5769,胡國贊
5566,海峽友誼旅行社股份有限公司
5956,劉賢賢
5766,胡兩泉
5894,新北市平溪區新寮里
5555,江蘇省歸國華僑聯合會
5729,周建農
5623,中共江蘇省漣水縣委員會
5653,王向紅
5921,福建泉州市台灣同胞聯誼會
5927,福建龍巖市台灣同胞聯誼會
5708,李文慎
5922,福建省人大常委會僑_台_工委
5905,葉勇鵬
5866,曾祥輝
5887,廈門市人民代表大會常務委員會
5818,張兆民
5739,林江鈴
5840,陳冬
5853,陳超明
5617,山東省教育廳
5979,濰坊市教育局
5624,中共濰坊市委台灣工作辦公室_濰坊市人民政府台灣事務辦公室
5614,山東信息職業技術學院
5699,吳清
5872,華源
5857,陳榮明
5955,劉斌
5939,臺北市政府體育局
5709,李再立
5608,上海市體育局
5776,徐彬
5724,邢順峰
5660,王清玉
5852,陳智菡
5610,上海東亞研究所
5612,上海海峽兩岸研究會
5659,王海良
5527,山東省工業和信息化廳
5663,王曉
5728,周建明
5618,山東省教育廳職教處
5619,山東省教育廳職業教育處
5655,王志剛
5616,山東省動漫行業協會
5658,王振華
5546,台灣人工智慧協會
5783,海峽兩岸智能制造職業教育聯盟
5858,陳端梅
5909,賈京生
5641,中國電子信息產業發展研究院
5632,中國宏觀經濟研究院
5581,國家發展和改革委員會對外經濟研究所
5741,林建甫
5812,商務部國際貿易經濟合作研究院
5825,張義珍
5952,劉泉紅
5683,曲維璽
5982,韓立明
5579,國立臺灣大學科技政策與產業發展研究中心
5636,中國國際文化交流中心
5518,一帶一路_綠色發展國際研究院
6008,丁文棋
5685,朱立峰
5908,詹文男
5822,張建宇
5726,阮詩瑋
5573,財團法人台灣經濟研究院
5871,華夏創意文化交流協會
5920,福建社會科學院現代台灣研究所
5953,劉相平
5642,中國銀行總行風險管理部
5760,信華食品_漳州_有限公司
5759,信功實業股份有限公司
5902,楊博仁
5593,漳浦台灣農民創業園
5918,漳浦台豐山生態農業有限公司
5963,蔡志陽
5784,秦金生
5742,林炳坤
5592,對外經濟貿易大學
5874,華曉紅
5789,財團法人中國生產力中心
5829,張寶誠
5625,中國_上海_自由貿易試驗區
5626,中國_上海_自由貿易試驗區管委會
5684,朱民
5830,張寶蓉
5959,樂陞科技股份有限公司
5834,許金龍
5757,侯湘華
5798,財團法人沈春池文教基金會
5848,陳春霖
5640,中國傳媒大學文化發展研究院
5770,范周
5670,北京市民政局
5584,晶華寶島_北京_眼鏡有限公司
5665,北京大學體育教研部
5666,北京工商大學
5667,北京工商大學馬克思主義學院
5839,陳文錧
5772,孫志全
5719,李鵬_廈門大學
5559,於強
5995,郭清寶
5996,國立成功大學
5997,國立成功大學政治經濟研究所
5998,南華大學
5999,福建唯美客文化創意有限公司
6000,海峽兩岸仲裁中心
6001,社團法人中華民國仲裁協會
6002,中國社會科學院西亞非洲研究所
6003,財團法人中華大道文教基金會元亨書院
6004,賴虹凱
6005,王愛文
6006,陳震
6007,福州市嚴復書院
6014,視納華仁文化傳播股份有限公司
6016,KNOWING_新聞APP
6011,全國廣播股份有限公司
6017,九天民俗技藝工作室
6009,人人廣播股份有限公司_好事聯播網
6018,人文遠雄博物館
6019,刁洪智
6020,上海旺時文化傳播有限公司
6021,上海恩橋依影視傳媒有限公司
6022,小包智工
6023,山城廣播電台股份有限公司
6024,中天電視股份有限公司新聞部
6025,中國天氣二十四節氣研究院
6026,中國司法部人民參與並促進法治局
6027,中國氣象局氣象宣傳與科普中心
6028,中華民國出版商業同業公會全國聯合會
6029,中華民國教育部
6030,中華民國新聞記者協會
6031,中華民國廣播商業同業公會
6032,中華民國廣播電視節目協會
6033,中華單車天使協會
6034,中華新住民黨
6035,王一中
6036,王又正
6037,王凌霄
6038,王祿旺
6039,王銘義
6040,世界女記者與作家協會
6041,北京華威全球文化發展有限公司
6010,古都廣播股份有限公司
6042,台北市青年聯合會
6043,台灣聲音廣播興業股份有限公司
6044,石靜文
6045,戎撫天
6012,成功廣播股份有限公司
6046,吳永乾
6047,吳建芳
6048,呂庭華
6049,呂培元
6050,李彥甫
6051,李柏橖
6052,李蕙
6053,汪莉絹
6054,肖華鑫
6055,卓蓉萱
6056,周錫瑋
6057,旺旺中時文化傳媒_北京_有限公司
6058,旺旺中時媒體集團公共事務處
6059,旺旺中時媒體集團北京辦事處
6060,東方廣播股份有限公司
6061,東森電視事業股份有限公司新聞部
6062,林大法
6063,林天良
6064,林文雄
6065,林宜標
6066,林俊傑_M_RADIO
6067,林哲元
6068,林淑黛
6069,林蔚丞
6070,社團法人世界女記者與作家協會中華民國分會
6071,凃進益
6072,施沛琳
6073,施明黎
6074,星勢力娛樂股份有限公司
6075,胡雪珠
6076,范凌嘉
6077,香港義工聯盟
6078,孫玉珍
6079,孫國祥
6080,徐韜
6081,翁得元
6082,袁天明
6083,袁韻樺
6013,財團法人桃園市廣藝基金會
6084,財團法人臺大系統文化基金會
6085,財團法人遠雄文教公益基金會
6086,財團法人鄧麗君文教基金會
6087,馬立懿
6088,國立臺灣藝術大學
6089,崔玉英
6090,張文山
6091,張哲榮
6092,張雲喬
6093,張銘志
6094,梁修昆
6095,莊子富
6096,許和捷
6097,許振榮
6098,郭冠英
6099,郭襄潁
6100,陳立元
6101,陳全斌
6102,陳克威
6103,陳宏津
6104,陳建維
6105,陳柏叡
6106,陳玲珍
6107,陳美娥
6108,陳純純
6109,陳國瑋
6110,陳肅瑜
6111,陳麗櫻
6112,彭彥倫
6113,游冉琪
6114,華東師範大學傳播學院
6115,華視文化事業股份有限公司
6116,鄉土之聲廣播股份有限公司
6117,黃天中
6118,黃日涵
6119,黃素娟
6120,黃朝亮
6121,想亮影藝股份有限公司
6122,楊方儒
6123,楊民忠
6124,楊克齊
6125,楊忠衡
6126,楊品騅
6127,楊碧村
6128,楊慕
6015,鉅亨金融科技股份有限公司
6129,暨芊秀
6130,漢唐樂府工作坊
6131,福州市皮膚病防治院
6132,臺北市新聞記者公會
6133,臺灣氣象服務產業發展協會
6134,臺灣導報社
6135,鳳鳴廣播股份有限公司
6136,劉秀珍
6137,劉於菁
6138,劉瑋慈
6139,蓮友廣播電台股份有限公司
6140,鄧長富
6141,黎建南
6142,黎健
6143,諾耶廣告股份有限公司
6144,賴總筆
6145,鮑冠羽
6146,聯合數位文創股份有限公司
6147,聯利媒體股份有限公司海外發展部
6148,謝楠
6149,曠湘霞
6150,羅法平
6151,蘇恩恩
6152,鑫聖傳媒製作股份有限公司
6153,中國氣象局華風氣象傳媒集團
6154,國際洪門中華民國總會
6155,宋英傑
6156,閩南經貿文化發展股份有限公司
6157,海峽兩岸文化創意產業大學研究聯盟
6158,北京教育委員會
6159,劉俊華
6160,劉建發
6161,劉長銘
6162,大田法師
6163,天津外國語大學附屬外國語學校
6164,孫方
6165,新北市立三峽國民中學
6166,曹季敏
6167,曾鴻陽
6169,李紅軍
6170,林培聖
6172,福州軟體職業技術學院
6175,苟仲文
6176,葉鈞培
6177,許文彬
6178,詹秀蓉
6179,賴彥霖
6180,陳寧
6181,陳毅萍
6182,饒慶鈴
6183,馮耀忠
6184,黃清高
6189,福州大學
6190,福州大學廈門工藝美術學院
6191,廈門大學創意創新學院
6240,創薪滿藝文_廈門_化傳媒股份有限公司
6192,王新倫
6193,陳其端
6194,林靑
6195,吳鑫
6196,薛兆鐮
6197,林世雄
6239,中國關心下一代工作委員會
6198,顧秀蓮
6246,福建省教育系統關心下一代工作委員會
6199,劉群英
6200,許桂月
6201,福建省青年閩商聯合會
6202,鴻星爾克_廈門_實業有限公司
6203,吳榮照
6204,廈門健康萬歲健康管理有限公司
6205,壽彥軒
6206,廈門啟達台享創業服務有限公司
6207,賴軍
6208,中國中建設計研究院有限公司
6209,許智富
6210,趙任民
6211,薛峰
6212,蔡震學
6213,杭元祥
6214,香港義工基金
6215,文颕怡
6216,李立東
6217,王清峰
6218,中國紅十字會台灣事務部
6219,張希林
6238,中國電影海外推廣有限公司
6220,谷國慶
6221,中國電視劇制作產業協會
6222,尤小剛
6223,趙長安
6224,廖珮涵
6225,孫建順
6226,廈門市思明區台胞金胞台屬聯誼會
6227,蘇碩民
6228,林靖東
6242,廈門市台商投資企業協會
6229,李炯毅
6230,黃子源
6247,社團法人中華傑出青年交流促進會
6237,中國國民黨革命委員會四川省委員會
6231,陳蔚芳
6236,中國國民黨革命委員會北京市委員會
6245,福建省國際文化經濟交流中心
6232,朱小丹
6233,王惠敏
6234,劉獻祥
6235,陳樺
6185,楊祖珺